"","GSM505327","GSM505328","GSM505329","GSM505330","GSM505334","GSM505337","GSM505338","GSM505339","GSM505346","GSM505347","GSM505348","GSM505352","GSM505353","GSM505354","GSM505355","GSM505361","GSM505362","GSM505363","GSM505364","GSM505365","GSM505366","GSM505367","GSM505368","GSM505371","GSM505374","GSM505375","GSM505378","GSM505382","GSM505384","GSM505388","GSM505390","GSM505392","GSM505394","GSM505398","GSM505402","GSM505404","GSM505406","GSM505408","GSM505410","GSM505412","GSM505414","GSM505415","GSM505420","GSM505422","GSM505424","GSM505426","GSM505427","GSM505429","GSM505430","GSM505431","GSM505433","GSM505448","GSM505449","GSM505451","GSM505452","GSM505453","GSM505455","GSM505456","GSM505457","GSM505458","GSM505461","GSM505463","GSM505464","GSM505465","GSM505468","GSM505469","GSM505471","GSM505472","GSM505473","GSM505474","GSM505477","GSM505479","GSM505480","GSM505481","GSM505482","GSM505483","GSM505484","GSM505485","GSM505486","GSM505488"
"205225_at",13.0759,13.7616,12.736,13.8228,12.8445,11.8396,12.4562,12.2024,12.8623,13.764,11.444,14.2366,13.7238,11.4232,11.3391,12.7341,12.9117,13.8611,11.6071,12.9999,14.1548,11.7896,13.1663,12.0832,12.9374,12.5191,12.0389,13.6226,10.8245,13.5035,12.0186,13.483,12.1408,12.2749,13.0559,14.0098,14.0217,12.5402,10.9442,7.895,12.2433,13.2485,11.8458,14.1295,11.1843,12.9698,11.7818,10.8334,12.0949,12.9905,11.202,11.995,10.2914,12.9166,12.2656,11.8145,12.5353,13.422,12.5867,11.8206,9.6024,11.0475,12.7629,12.8106,12.3486,12.6635,14.0632,12.1359,10.2524,12.9502,12.4009,12.5568,11.5745,11.3717,11.1494,12.1828,14.7744,13.3059,12.3296,14.6833
"209603_at",10.5793,10.5772,11.1181,12.3437,10.5914,10.2397,10.0288,10.9478,11.4367,10.3884,10.9906,11.508,11.5596,11.7166,8.9839,11.1457,10.9915,11.4351,11.157,11.0987,11.3986,10.7427,12.036,10.4631,12.2846,11.2264,11.0791,10.6735,9.0168,10.629,10.7869,11.1849,10.725,10.7588,10.9914,9.569,11.3047,11.802,11.272,8.0909,10.5622,11.2837,10.78,11.9385,10.4262,11.411,11.0567,11.3628,11.0086,11.2769,9.6543,10.9685,9.8598,12.0863,10.3972,10.003,11.7446,11.5473,11.8294,9.5336,9.9781,9.5281,12.4544,11.9442,10.8329,12.2991,10.476,9.3952,9.4884,11.1543,12.0558,9.9061,10.3189,10.5788,10.5111,11.2168,11.4996,11.5555,9.9595,11.4715
"212956_at",13.36,13.2925,12.3582,13.1325,13.433,11.8889,12.4273,12.4745,11.6637,13.9558,13.1016,13.1174,13.7972,13.2411,12.5047,12.6052,12.7904,13.3609,12.8879,11.3677,13.2225,12.177,13.0678,12.2257,13.022,13.4395,13.5637,12.5382,11.1295,12.2744,10.9664,12.3577,11.6939,12.2083,12.9762,10.3379,12.5246,12.7891,9.9531,11.4561,12.6507,12.2621,12.7044,13.929,12.7331,12.2626,11.2163,12.8769,11.248,13.3934,12.1265,12.9209,12.2946,13.6283,12.3058,11.3646,12.9655,12.9782,13.6062,12.5998,13.0948,10.866,14.3211,13.7081,12.346,14.4063,13.5991,12.5977,10.228,13.0467,12.4623,11.9581,12.8542,11.4698,12.0226,12.7002,13.6442,13.2354,11.5862,14.4884
"212960_at",10.8422,10.572,9.8482,10.6942,10.9367,9.8482,9.1346,9.951,9.3393,11.7924,10.4734,10.643,12.27,10.8471,10.4006,10.1141,10.6801,10.7132,10.1562,8.4909,10.0517,8.2661,10.6223,10.2502,10.5886,11.0586,10.8038,10.4601,8.1114,10.1967,9.4758,11.1463,10.3844,11.3707,10.5611,10.3516,10.062,10.1193,8.4802,8.7074,9.9546,10.0258,10.4334,11.678,9.8244,9.8656,8.7717,10.1834,9.2464,10.9715,9.4588,9.9301,9.9232,11.7053,9.4515,9.0806,10.2371,10.7038,11.0206,9.6936,11.3319,8.8849,11.7982,11.7758,10.0879,11.7574,11.2822,9.9247,8.0714,11.0139,10.1567,9.4933,9.8661,8.7772,9.3381,10.1287,11.1524,10.9948,9.4518,11.188
"214440_at",12.6295,13.4492,12.3205,8.7672,9.6743,13.2828,10.5,10.7921,10.0699,14.6369,12.7442,13.5126,12.3125,13.3354,11.2106,11.942,11.2301,12.9845,14.0729,12.3862,14.3388,11.5947,11.9927,14.7162,9.436,8.6102,8.6438,11.5999,8.3304,12.8065,12.0965,13.1922,10.7519,12.7617,8.4377,11.0875,13.3407,8.5419,8.8882,10.689,9.0839,12.5483,13.4287,13.9311,9.5591,13.1726,8.6709,11.5516,11.9122,13.7108,10.0984,13.3537,12.6998,14.7382,12.5226,9.6873,12.9769,13.6351,14.7901,10.5346,13.2798,10.1048,12.3067,13.8763,11.2713,13.1579,10.8406,11.0351,10.2493,12.9423,13.8486,14.4613,13.4557,10.1615,13.2088,10.9807,13.4771,10.5127,10.6027,11.544
"209604_s_at",14.3763,14.0214,14.5222,14.9144,13.3798,14.1152,14.088,14.6333,14.664,14.508,14.3534,14.4045,14.3113,14.7897,13.169,14.3155,14.9286,14.3454,14.4465,14.404,14.3343,14.2872,14.4551,14.7315,14.8685,14.8729,14.2505,13.9018,12.9159,13.7334,14.2651,14.5038,14.5693,13.8295,14.3148,13.8379,14.4673,14.3213,14.8717,11.6816,14.9933,14.936,14.1947,14.996,14.627,14.4276,14.5758,14.2774,14.3484,14.4267,13.6494,14.3931,13.7352,14.9263,14.1932,13.2399,14.956,14.674,14.9417,13.671,14.0026,13.3156,15.2349,14.9183,14.0905,15.0195,13.773,13.6573,13.186,14.7152,15.0045,14.0287,14.4412,14.1005,14.2047,14.7614,14.8724,15.1204,13.769,15.1746
"214164_x_at",12.6474,11.7852,12.7464,10.9562,9.2602,11.6491,11.9349,11.1997,12.8061,13.1942,11.9813,11.8014,12.0271,10.4683,11.6847,12.2213,11.885,13.5777,12.6334,12.2108,12.3533,11.7466,12.6511,12.2398,12.5708,13.7442,11.2563,12.0394,11.076,12.7348,12.2847,13.5292,12.8285,13.0173,12.2478,14.0764,12.7134,9.4755,11.4074,10.6555,11.6343,12.161,12.7039,14.8983,11.6794,11.9407,12.1756,12.7763,11.213,14.4136,13.1194,12.8993,13.035,12.908,13.1264,10.2122,12.9575,13.1537,14.0839,11.6268,13.3777,10.8956,13.9203,13.4985,10.9554,13.7563,12.3503,11.0469,11.4131,11.6872,12.4113,12.7731,13.0116,13.9149,12.0102,12.1311,13.1068,14.0103,13.9384,12.2817
"204508_s_at",10.1763,9.3275,9.92,8.9128,6.4544,8.4624,9.0767,8.8618,10.3608,10.4822,9.5693,9.3072,9.7793,8.1056,8.7031,10.076,8.0906,11.4458,9.7068,9.3395,9.8688,9.4071,10.1436,9.3766,10.1122,11.2929,9.1324,9.7578,8.353,10.7588,10.1203,10.8232,10.2651,10.1747,10.746,11.6026,10.7002,7.4145,9.0546,8.0046,7.6451,9.2572,10.3686,12.795,8.475,8.8656,9.4682,9.737,8.0685,12.238,10.106,10.3476,10.788,10.3959,10.3555,6.4935,10.9673,10.9712,11.6516,8.9403,11.5707,8.1877,11.9468,10.9283,8.3631,11.7365,9.9419,8.7742,8.8494,9.1732,9.9137,10.4918,10.356,11.4213,9.8751,9.7861,10.6719,11.8875,11.3125,9.5181
"215867_x_at",12.6194,11.5534,12.7285,11.0454,9.2365,11.8321,12.0586,11.2566,12.5183,12.9994,12.217,11.9344,11.8592,10.5819,11.6647,12.3123,12.1451,13.3377,12.4268,12.156,12.3598,11.7531,12.4881,12.3237,12.2942,13.5062,11.2328,11.5032,11.2002,12.4754,12.3601,12.9799,12.1248,12.5534,12.313,13.9752,12.4954,9.8276,11.7004,10.6948,11.6786,11.7016,12.5347,14.7284,11.4289,11.9018,12.22,12.555,11.431,14.1152,12.7516,12.7764,12.8726,12.6528,12.9668,10.2404,12.7089,12.9391,13.8849,11.6762,13.2189,10.6105,13.8427,13.2226,10.9504,13.4699,12.2351,11.1743,11.2031,11.7157,12.0084,12.6107,12.6857,13.8362,12.0276,11.8135,12.8927,13.788,13.592,12.2326
"210735_s_at",11.5638,10.8918,11.6213,9.7456,7.8738,10.0083,10.7399,9.7376,11.9763,12.0741,11.0802,10.4727,10.7946,9.9596,10.3508,11.5397,11.2167,12.572,11.2184,11.1162,11.73,10.7053,11.1614,11.1342,10.8788,12.4535,9.8943,10.7831,8.5793,11.7114,10.8935,11.8609,10.9715,11.3171,10.8518,12.8864,11.1198,8.7158,9.5679,9.2265,8.7475,10.2123,11.6425,14.388,9.1264,10.1882,10.4036,10.6465,9.358,13.084,10.8096,10.6624,10.872,10.9505,10.7562,8.3319,10.3794,10.9609,12.1078,9.3354,11.7083,8.7372,11.6722,11.4265,8.8549,11.0995,10.4197,9.7764,10.0312,9.8777,10.6261,11.2004,10.6273,11.3223,10.4052,10.2118,11.0796,11.9082,11.7399,8.8729
"203963_at",12.0638,11.3553,12.3832,10.9812,8.2397,11.2113,10.975,10.7894,12.0857,12.6455,11.916,11.7422,11.728,10.3171,11.356,12.1092,11.6731,13.0861,12.2741,11.9837,12.1658,11.7799,12.0982,11.8307,12.0082,13.321,11.0726,11.5175,10.3906,12.4411,11.8202,12.7794,11.7608,12.1047,11.8247,13.5149,12.1587,9.5252,11.466,9.8024,10.7601,11.9975,12.189,14.8948,11.073,11.9398,11.6818,11.8006,10.976,13.7843,12.1372,12.2494,12.2392,12.3648,12.3251,10.0077,12.4701,12.6421,13.1886,10.9067,13.3377,10.4313,13.8283,13.074,10.7427,13.7544,11.8654,10.797,10.5987,11.4559,11.7433,12.2367,11.8789,13.5676,11.7728,11.6557,12.4714,13.452,13.7906,11.8236
"217838_s_at",11.8757,11.8462,12.0364,12.1382,10.1702,10.7519,11.1963,11.7824,10.4109,11.8275,10.139,12.1268,11.5888,11.5862,10.318,10.8835,11.5948,11.375,12.5505,12.1861,10.7861,10.8032,11.0543,13.0999,12.9724,9.9225,11.4232,9.264,11.3047,10.88,9.9765,9.7597,10.2444,12.1172,12.5353,9.8219,11.7453,10.9317,9.1999,10.6316,11.757,11.6953,11.6449,10.1298,11.481,12.4218,9.445,10.3409,11.0928,10.8933,9.3252,11.8731,9.5304,12.0024,12.2818,11.241,11.3783,9.9292,11.9696,10.2909,10.3995,11.1488,11.1661,11.8766,10.1772,8.9295,11.8364,10.9705,10.7006,12.0876,11.4062,8.834,11.2156,11.3198,10.6432,10.3179,12.0128,11.4841,8.2974,12.8914
"209602_s_at",11.1535,10.8437,10.7019,11.6447,10.3437,10.1296,9.9895,10.9835,11.2706,11.3341,10.8359,11.4216,11.2286,11.578,8.3442,10.9844,11.3471,11.4407,10.8253,10.7504,11.2149,10.5645,11.4773,10.3976,11.2285,11.2332,10.9272,10.4623,9.3914,10.4448,9.9629,9.9886,9.4858,9.4651,9.6359,7.9591,10.8931,11.0902,10.3524,7.9057,9.2358,10.1783,9.6186,10.4802,9.2521,10.0121,11.5135,11.4182,10.9122,11.5783,9.7199,11.0155,10.4628,12.5607,10.8822,9.8277,12.0597,11.9369,12.4513,10.2457,10.904,9.9768,12.7286,12.1614,10.6932,11.8087,10.9503,10.0584,10.0387,11.7164,12.8387,10.9124,11.2448,10.6992,11.6566,11.6477,12.0137,12.1999,10.3284,12.0178
"202089_s_at",14.1629,14.5094,11.7586,10.9894,13.4754,11.262,12.7289,13.5852,10.989,14.4436,14.2569,13.7197,13.4658,11.9682,12.3272,13.7677,13.4121,13.7118,13.5653,10.9032,14.0442,12.5275,13.6885,12.0902,10.8328,13.7449,12.0619,12.8618,11.9585,12.8539,10.5498,12.9901,11.0425,12.3137,11.9571,12.047,13.3041,13.1583,10.6078,10.5662,12.1449,13.8486,12.0466,14.4072,12.7767,12.695,10.4101,12.2415,12.2243,14.0003,11.8811,13.585,13.4362,14.0194,14.847,10.5717,13.9615,14.2376,14.6076,11.075,11.1446,11.5356,14.1799,14.4327,9.978,12.238,13.6799,13.4395,9.8385,14.3804,13.6227,13.5402,12.7918,13.5254,13.5966,12.5993,12.9836,14.0242,14.3211,11.8914
"207038_at",8.6291,9.5709,9.3182,10.1055,9.5136,8.3767,8.5858,6.5963,8.3711,8.7704,7.2939,8.3189,10.3166,8.2277,7.8316,9.9091,9.4439,8.5205,7.7991,8.2306,7.4836,8.0604,9.4697,7.8687,9.5559,9.2461,8.733,7.4852,7.8805,8.265,9.8901,8.4985,8.4266,10.0367,8.393,8.997,10.8216,4.7969,9.4743,6.7716,9.0578,8.9169,8.8936,7.4972,8.4924,7.6028,8.6476,9.3888,10.811,7.6279,5.4843,9.0809,10.038,10.9411,9.4377,9.1282,9.1463,13.1925,12.1222,8.269,9.8766,8.8017,9.1827,11.1042,10.159,9.5198,8.1969,8.7467,8.4946,10.1676,11.8412,10.8725,8.7203,8.165,9.0989,7.9048,9.2921,12.0313,8.8168,9.1262
"202088_at",14.6123,14.9213,12.9683,12.8995,14.1768,12.9006,13.8576,14.5652,12.1994,14.8448,14.7702,14.5712,14.1932,13.0582,13.8039,14.3521,14.6268,14.6215,14.5849,12.272,14.6166,13.5248,14.1483,13.5231,12.5746,14.5636,13.293,13.9358,13.4694,13.5839,11.7664,13.9572,12.3134,13.21,13.1868,12.7765,14.1245,13.8195,12.5364,11.6994,14.5124,14.6765,12.7707,15.0905,15.2332,14.1632,11.6388,13.3284,13.5461,14.6412,13.0762,14.8403,14.778,15.093,15.7691,11.2645,15.332,15.0335,15.3275,12.5591,11.8685,13.1425,15.1261,15.1433,12.108,13.9771,14.7497,14.8461,11.1509,15.3408,14.7097,14.4117,14.1117,14.8422,14.7144,14.2253,14.346,15.3118,15.4659,14.474
"204881_s_at",10.5478,10.7098,11.3727,12.5652,11.0751,9.6794,10.2045,10.518,10.4363,12.4399,9.8834,10.4931,12.0545,10.3183,9.9539,10.9344,11.4219,11.1725,12.3831,10.2985,11.3247,10.7347,13.484,10.4579,10.2968,11.896,11.0832,10.5687,9.681,10.379,11.2222,11.6251,11.9489,13.1831,12.2556,11.0301,12.7712,11.1614,10.5872,9.8445,10.5631,11.4698,11.159,13.3501,10.2923,11.2882,10.6571,11.0808,12.1521,10.6344,10.4987,11.2715,10.6363,11.406,11.1085,10.7899,13.2399,11.407,14.0896,9.9988,11.0949,10.3498,12.2878,11.7765,10.3089,13.0417,9.3806,11.1356,11.2593,11.9386,12.4597,11.3543,11.4534,10.7148,10.8744,9.5824,10.645,13.1057,10.513,9.9504
"218532_s_at",9.6457,8.3003,10.2413,9.1473,11.323,9.5452,9.2363,8.7106,10.6617,9.3523,9.6636,7.0996,9.3448,7.9362,8.6554,7.1285,9.5004,9.7527,9.2527,8.5971,10.622,9.1115,9.0509,9.6652,10.5635,10.1627,11.0559,9.1104,7.9246,9.9704,7.3155,7.4906,8.1973,9.4272,9.8445,8.1758,10.5191,10.7217,7.2008,8.3462,8.021,8.3468,8.222,11.534,8.272,7.3477,9.0917,8.7035,11.4691,10.1557,9.3966,8.7656,7.9558,8.0182,7.6234,9.451,11.1884,8.1467,11.111,9.0919,11.1447,8.4889,11.0532,8.3856,10.524,9.608,9.6837,8.3802,9.2757,10.3111,7.7028,6.9477,8.2991,7.718,9.1266,7.3664,9.3242,10.4416,9.4523,11.0254
"211000_s_at",9.7316,11.2882,8.6531,9.3832,9.8925,8.0986,8.4126,7.3408,8.3199,10.5145,9.4412,10.2516,8.5213,10.2295,8.6925,9.7912,8.1922,8.08,11.2485,8.709,10.8391,8.2247,10.0655,9.9885,9.5004,8.6124,8.9823,6.2171,7.3856,9.3928,8.7043,9.8677,9.6606,8.8123,8.9915,9.5603,10.4977,8.0425,9.1572,8.8198,8.9393,9.5907,10.1994,10.3641,8.1985,9.8928,9.7502,10.1925,8.1579,8.7727,9.5357,11.8044,10.1959,10.5512,10.2665,10.6822,7.7802,12.0041,8.7245,9.7964,9.0567,9.2866,7.931,12.3638,7.4087,10.5717,11.0189,10.4823,10.1247,8.8426,11.3585,11.7497,10.1846,10.2869,10.6426,9.957,10.5722,11.8854,11.5475,9.3844
"218259_at",10.3963,9.4142,10.2641,10.8369,10.4516,10.2003,9.748,10.105,11.0696,11.0321,9.9305,10.7207,10.219,10.2563,9.8752,10.7859,11.1199,10.6188,10.719,10.559,11.599,10.0253,10.1936,10.3158,9.7882,10.3804,11.4126,10.7653,9.0908,10.2136,9.5735,9.861,9.331,9.8416,10.404,9.3987,10.9502,10.9612,10.1725,9.8749,10.2832,10.8738,9.7258,10.6735,9.3742,11.5701,10.7564,10.5276,10.0065,10.2998,9.971,10.454,9.5806,9.4347,9.6822,8.8335,10.2627,9.8089,10.2709,9.9914,8.8288,9.5211,10.3205,10.0396,10.0364,11.0747,10.2379,10.252,8.6835,10.1802,10.2717,10.3731,10.6647,9.6711,9.8321,10.2637,9.4126,10.9471,10.1181,10.6441
"209791_at",8.1878,8.3732,10.3116,9.0129,8.7498,9.8715,9.1482,8.8037,8.885,8.848,9.9711,8.9031,8.6507,10.6408,9.8894,8.5574,9.1237,8.0933,8.2355,8.9146,8.4618,9.2305,8.9684,8.8072,9.3776,8.5885,7.9093,7.9739,10.1969,9.3969,9.0077,7.091,10.0147,6.6321,9.1598,8.8986,8.017,6.9284,8.6421,8.702,11.5716,8.8875,8.6472,8.8014,8.8315,8.9008,8.9021,9.663,7.0239,7.5124,10.0131,9.2842,10.8836,8.9022,8.7569,6.3181,7.6202,9.0518,8.594,10.2496,8.8099,7.794,7.9746,8.4242,9.4978,9.226,5.2568,10.2095,7.7126,7.1582,9.4319,9.8839,10.3246,5.5552,8.778,9.9258,8.2537,7.6709,6.3779,7.5109
"218807_at",11.712,11.2932,10.2407,8.7277,11.3518,10.3461,11.0891,12.4416,12.541,12.5266,10.0633,12.111,10.3827,11.6894,11.6335,11.8633,12.6619,12.3172,11.7564,12.7905,13.2121,10.8692,10.0033,11.8582,10.9744,11.8726,11.9333,12.339,10.734,10.9875,11.083,11.5952,11.4746,11.8745,10.6268,11.8013,11.5208,12.397,12.8353,9.4504,10.9156,11.7578,11.9112,12.7913,9.9873,12.4224,11.3707,11.4762,11.9938,12.5122,11.9201,11.5283,11.2121,12.0799,11.8091,11.1796,9.3168,12.0055,12.2305,11.5416,11.2032,8.8376,12.7091,12.3639,11.4339,12.2304,10.7825,11.3811,9.7584,12.9344,11.3105,12.5161,11.0178,11.637,11.9326,11.2821,12.5332,12.8961,12.0728,11.5543
"221765_at",8.4652,9.1804,9.9421,11.6723,9.4039,9.2967,8.3236,8.8997,9.1526,11.026,8.0802,9.0061,10.3056,8.6289,9.083,9.8328,10.3784,9.4373,11.4367,8.6282,9.4813,9.1093,12.1734,9.192,9.0788,10.6886,10.1947,9.3431,7.8924,9.1768,8.957,9.5458,9.4477,11.155,10.5003,8.972,12.037,10.1165,9.9723,8.0915,9.2974,10.1542,9.768,11.259,8.7546,10.5986,9.3166,9.2629,11.1457,9.4791,8.8811,10.6206,10.5639,10.6539,10.1877,9.1497,12.6124,10.6045,13.287,8.9287,9.6786,10.1138,11.046,11.0824,9.5242,12.3672,8.293,9.2812,10.476,10.4221,11.8409,10.3143,10.0862,9.5609,10.3514,9.276,9.6958,12.4147,10.2036,9.9432
"203628_at",10.7755,9.841,9.4169,10.7668,11.3913,10.2676,8.7482,11.4914,9.6999,10.5476,10.3318,10.3855,9.9131,9.1156,8.7747,10.119,9.7976,10.4411,10.1586,8.2562,10.7554,8.2252,10.0395,9.4791,9.39,9.9992,11.8109,10.4012,7.119,9.5526,9.3018,10.2279,8.2331,12.7105,11.0676,9.8635,10.9983,12.556,10.2914,8.2314,11.1697,10.1469,9.3901,14.782,9.5163,10.0812,8.7538,8.3349,11.285,10.8229,9.3252,10.3429,9.0396,9.4836,10.6958,8.2568,8.0274,8.9142,10.3326,9.6083,8.5708,7.3792,15.5445,10.1334,9.3583,10.7715,9.5154,10.434,8.4852,11.8836,8.9492,8.7039,8.7127,9.9817,8.5383,8.0269,9.6906,10.2376,7.9791,10.7241
"218976_at",10.7154,10.9531,7.6926,11.4058,12.3901,9.2895,9.1395,10.9942,5.4,12.0497,11.9432,11.8327,10.8567,11.3513,10.1764,9.1839,8.6089,10.8698,11.7151,10.0755,11.0315,11.1602,10.7316,11.1353,11.9573,9.3168,11.3559,8.9076,8.0514,11.9687,7.2421,8.2057,9.1506,9.6739,11.3736,9.5177,10.4978,12.0011,6.868,6.9911,6.7764,11.5226,8.4067,12.1951,9.1229,11.7254,8.2142,10.1086,9.5238,11.6309,8.3772,9.8159,10.4201,11.2377,12.214,10.2164,10.0624,10.0849,10.1161,9.8598,9.6442,9.0032,9.7078,10.3289,8.4309,10.9937,11.8598,9.2585,4.6929,11.0069,12.3094,11.1203,11.2056,9.442,9.6937,8.9949,7.7284,12.5131,10.7625,12.0243
"212208_at",10.2162,10.2149,10.5309,11.2145,9.6262,10.5497,10.0811,9.7427,10.1001,10.1758,11.0274,9.969,9.5681,9.8033,10.5693,9.7417,10.1587,9.71,10.4951,10.0136,10.2729,9.9505,9.567,10.9025,11.1045,10.3405,10.6245,10.0054,9.2435,9.2119,10.1639,11.0528,11.0039,10.8981,11.0941,10.7955,10.4399,10.0308,11.0673,9.3995,9.8184,10.3798,9.8607,11.1936,11.2524,9.6287,10.2166,9.6767,10.1286,9.354,10.5306,9.3549,8.9008,10.0232,10.9454,9.2375,11.1523,10.3037,9.0176,9.4548,9.2664,9.3556,10.7048,10.9916,10.6429,10.8673,9.4807,9.8927,9.9022,11.1196,9.8123,10.2357,9.3888,9.5189,10.1033,9.4564,10.1942,10.9021,11.0602,10.7269
"212148_at",12.2299,11.132,12.655,11.6885,12.5682,9.9578,10.9404,11.7877,11.3568,12.2201,10.8587,11.7366,13.1219,11.451,10.44,11.5708,11.5808,11.8618,10.7861,11.3412,12.0494,11.2753,11.8226,10.5556,11.9824,11.5608,12.7296,12.0274,11.1959,10.6307,11.3881,11.4162,12.0936,11.5354,11.4661,11.2295,12.2221,12.6983,11.3471,9.3743,10.7719,12.0418,12.1762,12.2759,11.3765,10.9222,10.9902,11.0701,11.6781,11.1055,9.6795,10.6292,11.0988,11.0652,10.5045,9.653,10.7559,12.2508,10.8656,10.914,11.1165,9.3676,12.144,10.8781,11.832,10.988,10.2664,10.5024,11.4326,9.6436,11.635,10.6955,11.7197,10.0752,11.4445,11.7106,11.5645,10.3704,10.4996,10.6292
"204863_s_at",9.9978,11.6873,9.4441,10.0412,9.7687,8.3642,8.8275,7.4494,8.8289,10.5581,10.1392,11.1168,9.2481,10.2326,9.7008,10.37,8.1351,9.1509,11.6872,9.5861,10.2815,8.3545,10.3415,10.6974,10.1343,9.2737,9.4073,6.9281,8.3829,9.254,8.8708,9.6922,9.2968,8.4152,8.6548,9.4593,11.1404,8.2421,9.2096,9.0809,8.9801,9.652,9.9284,10.1085,9.2492,10.3807,10.7524,11.1738,8.885,9.7565,11.0353,11.69,10.4807,10.6011,10.5171,10.5111,8.1679,11.9698,8.7975,10.1977,8.7885,8.9268,7.6184,12.1943,8.0785,11.1041,10.9831,10.4916,9.7053,8.788,11.0395,11.7312,10.1441,10.6455,10.1889,9.7294,10.266,12.1997,11.7059,11.3017
"222125_s_at",10.0846,11.3964,11.0633,12.0589,11.0407,10.5242,10.097,10.8304,10.1666,10.7143,10.6615,11.3062,11.4633,10.6443,10.4321,10.373,10.8547,10.9318,10.6529,10.0085,10.4791,9.5836,10.8876,10.4858,11.5405,11.4468,11.4798,10.8477,8.1679,10.12,10.231,10.9691,10.951,11.7582,11.5561,11.1496,11.014,11.6831,10.1213,9.4128,9.4834,10.9439,10.9246,11.0581,10.2571,10.5905,10.5817,11.198,11.0351,11.4388,10.2062,10.287,10.3779,10.6966,11.0528,10.1727,11.3525,10.9274,10.9378,9.7753,11.0246,9.7608,11.2735,10.351,9.9484,11.5555,10.8674,10.4225,9.59,10.9494,10.9269,9.9906,10.7166,9.7507,10.1778,9.7104,10.6224,11.1671,11.2937,10.3659
"212195_at",12.0684,13.0105,10.6865,12.1357,12.0226,9.6649,10.1435,8.6414,11.2945,12.6114,11.9628,12.5457,11.2633,12.1061,10.9762,12.3112,9.8862,11.705,12.8748,12.0238,12.8381,10.5754,12.6476,12.0752,12.0772,11.5511,11.6479,7.3028,9.977,11.5437,8.8683,10.4083,9.7196,9.3407,10.1568,10.528,12.6289,10.259,11.8427,11.8481,11.0953,12.18,12.0953,12.3523,10.6511,12.4284,11.7572,12.6511,10.1291,10.9134,12.5774,13.7568,12.3163,12.7557,12.6872,12.8372,10.1712,13.509,11.1388,12.3411,10.9881,11.325,10.8691,13.4595,8.9317,13.1641,13.2686,12.4655,11.6157,11.2879,13.3146,13.2981,12.7596,12.2571,12.6265,11.6125,12.6667,13.6765,13.21,12.814
"212196_at",10.3271,11.8577,9.827,10.4707,10.7468,7.0863,9.2537,7.1307,10.1223,11.2004,10.7727,11.3459,9.4261,10.5061,10.7217,11.0953,8.934,10.2231,12.0542,10.3283,11.574,9.123,11.7281,11.2789,9.844,10.6091,10.3877,6.7427,8.0156,10.1453,9.1768,10.7761,9.5634,9.1656,9.1374,9.7578,11.3173,8.7589,10.0221,9.9588,8.4135,10.6351,10.568,11.0147,8.5348,9.9312,10.3416,10.9603,8.3642,9.5217,11.2653,12.2308,10.7335,11.1389,11.4439,11.3496,8.4339,12.8909,9.7001,11.2684,9.1338,10.0174,9.1098,12.9166,8.091,11.6187,11.9163,11.2903,10.6088,10.01,12.4641,12.3832,11.1174,11.3566,11.4198,9.9947,11.3664,12.1149,12.0296,9.8982
"219806_s_at",7.8638,9.8862,8.0707,7.59,8.0843,8.7699,9.6149,8.7726,8.1885,7.7254,7.8981,8.917,8.3536,8.5389,8.9974,8.0763,8.8009,6.837,8.5732,9.4362,8.6548,8.1274,8.6662,8.9368,7.8521,6.5961,8.2785,10.6194,8.3838,7.4162,7.869,7.9711,7.6414,8.1941,8.2578,5.4407,8.6893,6.8104,8.2495,9.4394,8.2342,8.17,7.3125,7.3497,9.0661,5.4238,9.6849,9.1879,8.3913,7.4588,9.677,8.9707,6.8383,8.0876,9.4419,8.8404,8.4,6.8222,7.9278,11.0038,8.6973,9.6208,6.3178,7.7993,9.2496,7.9668,7.3639,10.4863,8.9686,8.4294,7.4393,7.4423,6.8629,8.9736,8.7218,9.6496,8.2466,7.5353,8.5687,9.0948
"203904_x_at",8.9227,8.9963,9.2336,7.7969,7.8312,9.2939,8.5673,6.4699,9.162,8.4363,8.8915,8.2717,8.3255,9.1287,9.355,8.4322,7.2213,7.6332,8.4961,9.0681,8.0073,8.9503,6.43,9.2528,8.0735,7.3979,5.4677,8.966,9.0232,6.5951,9.0853,8.5039,9.0844,7.0679,7.4116,7.1008,7.184,6.115,8.1984,8.5969,8.3474,7.1445,7.669,8.1431,8.5905,8.474,9.3205,10.2091,6.293,7.1456,8.7516,9.4383,8.3839,7.9407,9.747,8.6008,8.3474,9.3255,6.4629,8.8363,8.2646,10.2301,7.9826,9.2324,8.7092,7.7411,7.2862,9.5775,9.4367,6.6377,9.9675,7.8776,5.7323,8.2555,9.15,8.8953,8.5153,8.239,7.4308,9.2879
"208682_s_at",12.3746,13.0787,11.2795,11.8144,12.0966,10.3644,10.1621,10.0764,9.9053,12.1195,12.5853,12.487,12.2879,10.8882,11.8838,12.1953,11.1816,11.0502,13.0456,10.6646,13.2664,10.6068,11.4847,11.8161,12.3332,10.4225,12.8651,12.5426,10.9999,12.2245,12.3781,12.2742,11.3167,13.4905,12.8653,13.6182,13.3513,11.0504,10.8461,9.6359,10.9713,12.3162,10.8614,10.5076,11.4527,12.2417,10.0193,10.9094,11.8393,12.5662,12.0292,11.0181,11.8219,11.0058,11.5322,11.0184,10.3906,11.9772,11.7903,10.9608,11.7722,11.053,13.097,12.2525,10.1663,12.4706,13.417,11.3153,11.2442,10.6446,11.8212,11.5023,12.5161,10.8065,11.5059,11.5796,10.8795,12.1891,11.9794,11.303
"202139_at",9.6771,10.8085,10.235,10.4734,9.9898,9.0736,9.1642,10.3352,10.4076,10.4654,9.8785,10.4237,11.5728,10.0449,9.899,10.2601,10.1226,10.6952,10.3088,9.6331,10.9027,8.9889,9.4277,9.5324,10.5449,9.6266,11.0214,10.0576,8.8575,9.8995,9.4938,10.3617,9.9631,9.4675,9.9508,9.793,9.8288,10.9793,8.5443,9.7683,9.3351,10.051,10.5579,9.9118,8.9604,10.2981,10.5468,9.4291,10.1446,9.5153,9.7727,9.8146,9.9777,10.2915,10.5553,10.2042,10.1527,10.4393,9.8458,9.7039,10.8259,9.2985,10.355,10.7703,9.0725,9.8534,10.9287,9.1478,9.6885,8.9228,10.5715,10.4938,9.6001,9.3315,9.5583,9.7096,10.6821,11.4846,10.1097,10.0131
"204862_s_at",10.5762,10.7305,10.6803,10.3446,10.6104,11.1236,8.7244,10.0311,10.7254,11.1794,11.1375,11.3909,10.7828,10.6248,10.1305,11.3692,10.8058,11.2639,11.3278,10.6669,11.1852,9.5408,9.7819,10.6722,11.3682,11.2805,11.6426,11.6321,11.5274,11.1443,10.9176,11.3105,11.8567,10.9048,11.5678,11.1534,10.7528,11.6436,10.2708,9.9613,11.4809,11.5435,10.9904,11.1375,10.7378,11.9888,10.534,11.5684,9.3534,12.687,10.6622,10.3014,9.948,10.5505,9.3473,10.1611,10.391,10.401,10.5481,9.1534,10.0159,9.8986,10.328,9.9576,9.0242,11.037,10.3603,9.5535,9.2983,9.1472,10.606,9.916,10.88,9.6671,10.4411,10.1686,10.2458,10.7756,10.7841,11.0185
"218195_at",11.0995,11.6987,10.9932,10.7655,11.3075,9.9185,10.4579,11.9377,12.0681,10.8388,11.0545,10.5461,12.3787,9.0447,9.421,10.4596,10.4496,13.1833,12.1323,9.4675,10.7806,9.5435,10.6317,8.9522,7.6909,9.7987,11.5731,10.0501,10.7916,11.8679,9.6853,7.5947,7.6044,8.6416,7.5246,9.0443,11.5855,9.6235,9.0539,7.4777,9.2636,10.8484,9.1045,10.308,7.2173,9.4239,10.4678,10.0274,11.9514,10.6229,8.8227,9.6801,10.326,9.9663,10.2215,11.348,12.4102,11.0581,12.2754,9.6256,9.8469,9.943,11.7661,10.2107,10.1079,11.4682,10.748,9.6707,11.0811,13.4552,9.7479,10.7772,11.5353,10.8182,10.8706,9.9949,12.5278,10.878,10.7407,10.2513
"201413_at",11.7633,10.974,10.6308,10.312,11.0842,10.7038,10.7947,9.3608,10.1884,11.8005,11.1881,11.6519,11.0339,11.7166,10.1406,11.2212,10.7933,10.9111,10.6076,11.5665,11.3665,11.0225,10.8989,11.0801,11.0113,10.5434,11.0876,10.6042,10.908,11.4665,10.91,10.7191,10.4928,9.9687,10.6155,11.6907,11.2294,10.8337,9.4377,10.9344,11.2823,11.5467,10.5642,10.3737,9.9685,12.039,10.6393,10.9399,10.7628,11.519,10.6813,12.1447,11.4642,11.8608,11.8488,10.478,11.5789,11.0365,11.2273,11.585,10.0876,10.8727,11.0048,11.4385,10.1657,11.3385,9.9228,10.7551,10.6985,10.4851,11.1347,11.6749,11.3516,11.1937,11.6572,11.9665,12.1697,10.6715,10.5932,11.4787
"210652_s_at",10.4112,10.7415,10.5217,9.0653,10.3543,9.681,9.5257,10.9734,10.6153,11.1991,8.4125,11.364,10.1228,10.0802,10.2364,11.7925,10.6306,12.0143,9.2848,9.3926,11.7398,10.1134,9.2823,9.5221,10.33,10.8154,11.0721,11.9278,11.4601,9.6819,9.5574,10.8901,9.9321,9.0426,9.5918,11.2093,10.307,11.6449,11.7804,8.3486,8.1356,10.551,12.2361,10.3226,8.947,11.4051,8.1472,9.7247,9.8392,8.6997,11.1641,10.7312,10.3014,11.0825,10.0777,10.2375,10.8265,12.6892,13.0083,9.9122,9.5402,8.9696,11.2809,10.8217,9.3391,10.9693,10.2448,10.9729,11.1397,11.4618,12.0442,11.9042,10.749,9.09,9.9603,9.4477,9.9106,10.302,9.8694,10.484
"41660_at",11.0664,10.5072,10.4909,8.6449,9.9066,10.005,8.928,9.2357,10.8098,10.6831,9.2862,9.7212,9.7451,9.7797,8.5022,10.9353,10.0935,10.7009,10.0065,10.3689,10.1128,9.0973,11.34,10.3216,10.0326,9.8602,9.3621,8.8967,8.8759,8.2547,9.0764,10.5677,7.7574,9.4427,9.3224,8.6402,10.1347,9.3748,10.522,7.507,11.1303,10.1914,9.9656,8.9782,7.9757,9.9475,6.623,9.9094,9.5214,10.0491,8.8332,10.4419,9.4987,10.0383,9.3625,6.3954,9.7775,9.0444,9.8925,8.1915,9.6858,8.3137,10.8653,9.521,8.8422,9.398,7.5857,9.0855,8.3134,10.5014,10.4392,9.3215,9.2415,8.4341,8.6413,8.3001,10.4862,11.2294,9.104,9.8459
"212219_at",9.7403,9.1851,9.2293,8.0183,9.507,10.195,9.3069,10.3701,9.2891,9.8988,8.9982,9.4993,8.8486,9.4275,10.1265,9.2629,8.7923,9.018,9.4172,9.675,9.418,10.3461,9.1956,10.0462,9.8934,9.3926,9.4132,10.2223,10.833,9.6193,9.5513,10.3823,9.6164,8.5396,9.1547,10.1616,9.987,8.8361,10.0685,9.6248,10.3535,9.3922,10.6589,9.7483,10.0004,9.996,8.5497,9.1608,9.3742,9.0296,9.2044,8.974,10.1194,9.8873,9.3039,9.3135,9.1789,10.4375,8.8827,9.3151,9.874,9.398,8.8072,9.4514,10.2185,9.7493,8.2705,9.372,9.0589,9.5992,9.277,9.9423,9.8466,10.1897,9.6549,9.2657,9.3396,9.9958,9.6711,9.5028
"214552_s_at",9.8961,8.6694,9.0867,8.1349,9.0221,9.0261,8.8118,8.3807,8.7791,9.9123,9.0683,9.1478,8.3457,8.9398,9.457,9.2843,8.7476,8.7749,10.3356,8.746,10.8312,9.4148,9.1826,9.2208,7.7502,9.3933,9.4815,9.2497,8.2711,9.3145,8.0765,9.2849,8.3691,9.9868,9.562,9.603,9.5749,8.3635,8.8068,7.9218,8.307,8.4881,8.5471,8.8544,8.4526,8.3643,8.5246,7.9267,8.9876,8.3057,9.0449,9.0617,8.9473,9.6474,8.704,8.9493,8.8475,10.1816,8.545,9.361,8.7733,8.9374,8.9992,9.6552,8.5619,9.8213,9.8082,9.5248,9.0775,9.5195,9.4007,9.2667,9.9731,9.5884,8.0989,8.7692,8.7256,9.3345,9.3316,8.6496
"219913_s_at",10.7725,9.7939,10.0879,10.5886,9.6475,8.6731,8.7521,9.6732,9.5766,9.6452,9.1321,9.4746,9.8555,9.3418,8.6098,9.493,9.1538,9.8568,9.3154,9.4489,9.9644,8.8787,10.1466,8.7529,9.5935,9.4558,10.7767,9.629,9.9871,10.3913,9.1042,9.1342,8.5852,9.4448,8.9566,9.1803,9.5892,10.3947,9.6182,8.5113,8.8974,10.5163,9.6929,10.1296,8.9394,9.6677,9.8418,9.5762,9.3633,9.5309,8.7482,9.5319,9.9968,9.3818,9.4855,9.985,9.6541,10.6535,10.238,9.2597,9.5921,9.0401,9.3793,9.6719,9.7344,10.0898,10.8759,9.167,9.516,9.6623,10.336,9.7638,9.7363,9.1847,9.8565,9.966,10.0899,9.2867,9.4369,9.5627
"203143_s_at",8.8893,9.9808,8.4284,8.432,8.5334,8.6563,9.6874,8.3288,9.3102,9.5896,9.5971,11.9116,9.2398,10.0896,9.9675,10.3866,8.9293,9.5641,8.9018,9.8329,10.419,8.2575,10.5599,9.7368,9.1355,10.0252,9.0032,9.2329,8.9604,9.1634,9.6987,10.2933,10.0953,10.5712,9.9228,10.2541,10.0977,8.3773,8.7952,9.6997,9.2017,10.926,10.2468,11.3776,10.0183,9.7423,9.149,10.4352,7.4538,8.0904,9.241,10.7816,10.3376,10.5551,10.1992,9.2582,8.4323,11.6405,11.3182,8.2742,10.2035,9.3122,8.8058,9.7766,8.3631,9.5054,8.142,9.0141,9.7242,8.7213,11.1332,10.0245,10.2912,9.4192,8.7352,9.2393,9.5583,10.5437,10.6256,8.5229
"212638_s_at",11.7337,11.4524,12.0208,11.8221,10.2163,10.6991,10.5791,12.4509,11.6317,11.4267,11.1546,11.0424,11.9158,10.0731,10.301,11.2114,10.655,12.1924,11.4416,10.797,11.9591,11.9413,11.3416,11.0385,11.6676,11.0624,11.4039,11.5837,11.3579,11.7143,9.9569,10.444,10.7624,10.984,11.1402,10.1639,11.3757,11.8366,10.2217,10.1904,11.1802,11.4207,9.7343,11.6725,10.6698,12.1533,11.238,10.8251,9.8851,11.9535,10.2887,11.3759,12.4971,10.9367,11.552,10.4421,11.1251,11.6142,11.8629,11.2502,11.875,10.4715,11.5219,11.3843,10.8763,12.1734,11.8953,11.8018,10.5905,10.8932,11.3273,11.6011,11.2626,9.5437,11.4764,12.0503,11.5279,12.8544,11.9789,10.6596
"201754_at",14.6672,15.1851,14.9128,15.2968,14.4895,14.0527,12.7044,14.6717,14.3946,14.9116,15.535,14.9669,14.8403,13.1913,14.5142,14.1972,14.1259,15.0828,14.5366,14.6695,14.9083,14.7131,14.9625,13.5283,15.5202,15.487,14.6673,13.2348,14.6431,14.3935,14.7725,15.0679,13.8252,15.5934,15.1152,14.4917,14.7366,14.731,13.4877,12.8693,15.7108,15.9254,13.9353,15.8319,15.3643,15.1987,14.5995,14.5121,14.2055,14.7042,15.0159,14.5511,15.3918,15.4438,16.1339,13.2701,15.5731,15.1798,14.8,12.7651,15.6051,13.2633,14.8607,15.2648,14.2568,15.8332,15.7158,12.209,13.7846,14.7946,15.6844,14.526,15.4612,13.4667,14.7374,14.7056,13.7624,15.9593,15.77,15.3318
"202641_at",10.1932,9.7208,10.1136,10.0578,9.3674,9.0482,10.1751,8.2598,10.8245,10.6241,8.8616,10.1526,10.7482,9.3274,10.0477,11.1484,9.9847,10.068,10.544,9.5332,10.1918,9.0585,9.7565,10.177,10.3267,10.6717,10.5767,9.7051,9.2741,10.7218,9.8046,10.0905,10.8079,10.4804,10.0173,11.0458,10.5737,9.0451,9.7353,9.1469,10.5964,10.177,10.3138,10.5668,9.3492,10.6722,9.3581,10.1143,9.3936,10.2424,9.1208,10.2745,10.1545,11.2389,10.6314,10.537,9.5492,11.7048,10.5314,10.1318,9.801,9.6362,10.885,11.0245,8.8759,10.7657,10.7835,10.2341,9.4848,10.6657,10.9568,10.7987,10.1555,10.5532,10.2485,10.3607,10.9974,11.9011,10.5184,11.5384
"203693_s_at",7.7772,7.5019,7.0139,7.3541,8.2366,9.1131,8.0724,8.6971,8.789,7.216,8.0205,7.0437,7.4609,8.8502,7.481,8.4732,7.7753,7.3884,7.9631,8.2499,6.5915,8.2841,8.7104,7.9179,8.3877,7.7365,7.7091,7.6341,9.666,8.1162,7.8848,4.5194,7.6736,8.2155,7.8536,4.5509,7.6404,8.4876,9.946,7.734,8.3714,7.7115,8.1907,5.5863,7.7755,8.8581,8.5035,8.1434,7.9742,8.0906,7.6399,7.7255,7.768,7.9944,7.5043,8.1384,7.6761,8.2454,8.0422,7.9397,8.6628,8.2461,6.683,7.45,9.1049,7.2941,7.9274,7.8794,8.2538,7.9329,7.928,7.699,8.6183,8.0866,8.5138,8.726,7.5438,7.55,6.2596,8.4891
"212276_at",7.6422,9.0944,8.4452,9.3088,10.404,9.4434,9.6562,8.6545,7.6694,7.7396,10.3456,8.6441,9.0727,8.4445,8.7884,7.8818,8.5829,8.3172,8.6798,8.6603,8.0403,8.8948,8.3559,9.1927,8.8102,8.5097,8.2986,8.1827,8.8104,6.5913,7.5313,8.2163,8.3955,8.4425,9.1649,8.8239,8.5259,8.5697,8.2348,9.1973,8.4576,8.6588,8.5594,8.2346,8.978,8.2499,9.314,8.551,8.7343,8.4256,9.0637,8.6911,7.531,7.0332,8.5012,9.9862,8.065,7.0598,8.5148,9.0682,8.7297,10.2319,8.5608,7.7044,8.9405,8.7968,7.5142,9.2151,9.286,6.9933,7.1699,7.2029,8.737,8.6206,8.1034,7.8746,8.1036,7.3479,8.8002,8.0361
"35666_at",11.3412,11.6222,11.7091,12.3499,11.4389,10.9169,10.5579,11.0748,11.8089,11.1142,10.8025,11.2943,11.8532,11.4718,11.2886,12.2565,11.5405,12.5338,11.1935,11.3441,11.011,11.0234,11.2466,10.269,11.7675,12.2441,11.3216,10.7172,10.7683,11.279,10.9685,10.8355,11.5414,10.4025,11.0631,11.088,11.4604,10.9168,11.6039,9.791,11.09,11.4918,11.2839,11.1173,10.8172,11.6381,11.8649,11.8412,12.0456,11.8888,11.0285,10.6301,11.1293,10.8662,10.1958,9.1544,10.9584,11.0404,11.502,10.3246,11.0244,9.6307,11.2541,11.094,11.5472,11.6395,11.645,10.7844,9.8342,9.9668,11.178,9.7634,11.6942,11.3693,10.6059,11.3809,11.6166,11.9103,11.4415,12.1663
