"","GSM505327","GSM505328","GSM505329","GSM505330","GSM505331","GSM505333","GSM505334","GSM505335","GSM505336","GSM505337","GSM505338","GSM505339","GSM505340","GSM505341","GSM505342","GSM505343","GSM505344","GSM505345","GSM505346","GSM505347","GSM505348","GSM505349","GSM505350","GSM505351","GSM505352","GSM505353","GSM505354","GSM505355","GSM505356","GSM505357","GSM505358","GSM505359","GSM505360","GSM505361","GSM505362","GSM505363","GSM505364","GSM505365","GSM505366","GSM505367","GSM505368","GSM505369","GSM505370","GSM505371","GSM505372","GSM505373","GSM505374","GSM505375","GSM505376","GSM505378","GSM505380","GSM505382","GSM505384","GSM505386","GSM505388","GSM505390","GSM505392","GSM505394","GSM505398","GSM505400","GSM505402","GSM505404","GSM505406","GSM505408","GSM505410","GSM505411","GSM505412","GSM505413","GSM505414","GSM505415","GSM505416","GSM505417","GSM505418","GSM505419","GSM505420","GSM505421","GSM505422","GSM505423","GSM505424","GSM505425","GSM505426","GSM505427","GSM505428","GSM505429","GSM505430","GSM505431","GSM505432","GSM505433","GSM505434","GSM505435","GSM505447","GSM505448","GSM505449","GSM505450","GSM505451","GSM505452","GSM505453","GSM505454","GSM505455","GSM505456","GSM505457","GSM505458","GSM505459","GSM505460","GSM505461","GSM505463","GSM505464","GSM505465","GSM505466","GSM505467","GSM505468","GSM505469","GSM505471","GSM505472","GSM505473","GSM505474","GSM505475","GSM505476","GSM505477","GSM505478","GSM505479","GSM505480","GSM505481","GSM505482","GSM505483","GSM505484","GSM505485","GSM505486","GSM505487","GSM505488"
"205225_at",13.0759,13.7616,12.736,13.8228,8.3607,8.9998,12.8445,8.974,7.0561,11.8396,12.4562,12.2024,7.987,10.1026,8.0999,8.5567,10.7157,8.5834,12.8623,13.764,11.444,7.4728,8.4135,6.8669,14.2366,13.7238,11.4232,11.3391,8.4676,7.6136,8.4559,7.8963,8.15,12.7341,12.9117,13.8611,11.6071,12.9999,14.1548,11.7896,13.1663,7.4166,8.6856,12.0832,8.1952,10.719,12.9374,12.5191,3.6784,12.0389,8.2599,13.6226,10.8245,7.4097,13.5035,12.0186,13.483,12.1408,12.2749,7.7153,13.0559,14.0098,14.0217,12.5402,10.9442,7.2509,7.895,7.4147,12.2433,13.2485,10.2287,6.2819,5.8987,7.3404,11.8458,7.8375,14.1295,7.9667,11.1843,7.2503,12.9698,11.7818,7.9329,10.8334,12.0949,12.9905,12.652,11.202,8.8311,8.0794,8.1639,11.995,10.2914,10.0307,12.9166,12.2656,11.8145,3.8104,12.5353,13.422,12.5867,11.8206,9.17,7.0398,9.6024,11.0475,12.7629,12.8106,6.3992,7.5145,12.3486,12.6635,14.0632,12.1359,10.2524,12.9502,8.3734,12.3648,12.4009,9.3602,12.5568,11.5745,11.3717,11.1494,12.1828,14.7744,13.3059,12.3296,7.7434,14.6833
"209603_at",10.5793,10.5772,11.1181,12.3437,7.7225,8.4591,10.5914,7.356,6.6269,10.2397,10.0288,10.9478,8.886,10.1557,9.0275,8.4549,8.9255,8.068,11.4367,10.3884,10.9906,10.4111,7.4519,7.9928,11.508,11.5596,11.7166,8.9839,7.8222,7.5922,6.7856,7.3408,8.4789,11.1457,10.9915,11.4351,11.157,11.0987,11.3986,10.7427,12.036,7.7591,5.3853,10.4631,7.2157,9.6384,12.2846,11.2264,7.164,11.0791,7.8118,10.6735,9.0168,8.0759,10.629,10.7869,11.1849,10.725,10.7588,7.6964,10.9914,9.569,11.3047,11.802,11.272,7.3315,8.0909,7.3256,10.5622,11.2837,10.0573,3.7156,9.2016,5.1312,10.78,6.9875,11.9385,4.6863,10.4262,10.7034,11.411,11.0567,7.2876,11.3628,11.0086,11.2769,10.3587,9.6543,8.9991,6.966,7.8156,10.9685,9.8598,9.2359,12.0863,10.3972,10.003,7.1924,11.7446,11.5473,11.8294,9.5336,10.0765,6.457,9.9781,9.5281,12.4544,11.9442,6.7758,4.6637,10.8329,12.2991,10.476,9.3952,9.4884,11.1543,7.668,10.2034,12.0558,8.2222,9.9061,10.3189,10.5788,10.5111,11.2168,11.4996,11.5555,9.9595,8.1615,11.4715
"212956_at",13.36,13.2925,12.3582,13.1325,10.8038,8.3545,13.433,10.0088,8.9243,11.8889,12.4273,12.4745,10.9061,10.9066,10.6692,10.2593,11.99,8.9875,11.6637,13.9558,13.1016,11.971,9.7345,9.3805,13.1174,13.7972,13.2411,12.5047,8.9354,10.5317,10.1753,9.7544,9.7492,12.6052,12.7904,13.3609,12.8879,11.3677,13.2225,12.177,13.0678,9.2101,8.8312,12.2257,8.6669,10.5998,13.022,13.4395,8.8364,13.5637,11.359,12.5382,11.1295,9.6608,12.2744,10.9664,12.3577,11.6939,12.2083,9.8368,12.9762,10.3379,12.5246,12.7891,9.9531,7.9427,11.4561,9.2672,12.6507,12.2621,11.265,8.7523,10.4149,8.948,12.7044,7.7249,13.929,7.9109,12.7331,11.2042,12.2626,11.2163,9.4619,12.8769,11.248,13.3934,11.6239,12.1265,9.5934,10.9837,10.5981,12.9209,12.2946,10.3561,13.6283,12.3058,11.3646,7.2423,12.9655,12.9782,13.6062,12.5998,11.6962,8.976,13.0948,10.866,14.3211,13.7081,7.6085,7.8995,12.346,14.4063,13.5991,12.5977,10.228,13.0467,9.441,13.1114,12.4623,11.2233,11.9581,12.8542,11.4698,12.0226,12.7002,13.6442,13.2354,11.5862,9.3679,14.4884
"212960_at",10.8422,10.572,9.8482,10.6942,8.4035,8.372,10.9367,8.3818,7.6843,9.8482,9.1346,9.951,8.6924,8.57,8.664,8.0576,9.418,9.2876,9.3393,11.7924,10.4734,9.4486,8.2824,8.1298,10.643,12.27,10.8471,10.4006,8.0405,8.7878,8.5951,8.3719,8.2607,10.1141,10.6801,10.7132,10.1562,8.4909,10.0517,8.2661,10.6223,8.3023,7.99,10.2502,8.4119,8.7242,10.5886,11.0586,8.2816,10.8038,8.3448,10.4601,8.1114,8.8188,10.1967,9.4758,11.1463,10.3844,11.3707,8.438,10.5611,10.3516,10.062,10.1193,8.4802,7.8309,8.7074,9.0729,9.9546,10.0258,8.9229,8.1439,8.5516,8.4621,10.4334,8.2011,11.678,8.4441,9.8244,9.5143,9.8656,8.7717,8.218,10.1834,9.2464,10.9715,9.6075,9.4588,9.2432,8.9648,9.0827,9.9301,9.9232,8.4213,11.7053,9.4515,9.0806,7.0533,10.2371,10.7038,11.0206,9.6936,8.9946,7.1155,11.3319,8.8849,11.7982,11.7758,6.5165,7.9606,10.0879,11.7574,11.2822,9.9247,8.0714,11.0139,7.7009,10.3256,10.1567,8.7271,9.4933,9.8661,8.7772,9.3381,10.1287,11.1524,10.9948,9.4518,8.5605,11.188
"214440_at",12.6295,13.4492,12.3205,8.7672,9.8562,8.1629,9.6743,8.5573,7.1961,13.2828,10.5,10.7921,8.4331,10.0989,8.7904,8.9649,8.9039,8.8652,10.0699,14.6369,12.7442,9.0391,8.6642,8.574,13.5126,12.3125,13.3354,11.2106,8.3989,9.2643,8.8052,9.2215,9.0208,11.942,11.2301,12.9845,14.0729,12.3862,14.3388,11.5947,11.9927,6.9822,8.159,14.7162,8.7538,9.3593,9.436,8.6102,8.2756,8.6438,7.7187,11.5999,8.3304,8.0431,12.8065,12.0965,13.1922,10.7519,12.7617,8.568,8.4377,11.0875,13.3407,8.5419,8.8882,8.4273,10.689,8.7282,9.0839,12.5483,9.5844,8.5848,7.3687,7.4075,13.4287,7.9138,13.9311,7.0526,9.5591,9.5429,13.1726,8.6709,8.6429,11.5516,11.9122,13.7108,10.3438,10.0984,8.7594,9.3533,9.1912,13.3537,12.6998,7.7728,14.7382,12.5226,9.6873,7.912,12.9769,13.6351,14.7901,10.5346,11.267,8.6927,13.2798,10.1048,12.3067,13.8763,6.8122,8.0262,11.2713,13.1579,10.8406,11.0351,10.2493,12.9423,9.0515,12.866,13.8486,9.4424,14.4613,13.4557,10.1615,13.2088,10.9807,13.4771,10.5127,10.6027,7.775,11.544
"209604_s_at",14.3763,14.0214,14.5222,14.9144,10.8821,12.2287,13.3798,11.0112,9.7734,14.1152,14.088,14.6333,13.2361,14.1058,12.722,12.5708,12.6522,10.8359,14.664,14.508,14.3534,13.6927,10.2794,11.3702,14.4045,14.3113,14.7897,13.169,12.1343,11.4554,10.1851,10.699,12.1241,14.3155,14.9286,14.3454,14.4465,14.404,14.3343,14.2872,14.4551,11.528,9.4435,14.7315,11.3759,14.1977,14.8685,14.8729,11.1143,14.2505,11.6584,13.9018,12.9159,12.7958,13.7334,14.2651,14.5038,14.5693,13.8295,11.0267,14.3148,13.8379,14.4673,14.3213,14.8717,10.5023,11.6816,9.708,14.9933,14.936,13.3445,8.305,12.8519,10.5326,14.1947,9.724,14.996,7.3236,14.627,13.8973,14.4276,14.5758,10.2403,14.2774,14.3484,14.4267,13.9074,13.6494,12.9684,9.7665,12.6122,14.3931,13.7352,12.7592,14.9263,14.1932,13.2399,9.582,14.956,14.674,14.9417,13.671,13.839,9.9527,14.0026,13.3156,15.2349,14.9183,10.0017,10.3415,14.0905,15.0195,13.773,13.6573,13.186,14.7152,11.7681,14.2836,15.0045,11.7642,14.0287,14.4412,14.1005,14.2047,14.7614,14.8724,15.1204,13.769,11.264,15.1746
"214164_x_at",12.6474,11.7852,12.7464,10.9562,9.6913,8.7343,9.2602,9.7714,7.4908,11.6491,11.9349,11.1997,9.802,10.9737,10.8545,10.1915,10.8192,8.7484,12.8061,13.1942,11.9813,9.5298,9.7979,9.1679,11.8014,12.0271,10.4683,11.6847,8.8358,8.3473,7.5039,9.6233,9.2567,12.2213,11.885,13.5777,12.6334,12.2108,12.3533,11.7466,12.6511,7.8891,8.2866,12.2398,8.1543,11.4492,12.5708,13.7442,9.882,11.2563,9.4506,12.0394,11.076,12.7615,12.7348,12.2847,13.5292,12.8285,13.0173,9.9437,12.2478,14.0764,12.7134,9.4755,11.4074,8.871,10.6555,8.0169,11.6343,12.161,11.8167,9.1091,11.3181,7.8265,12.7039,8.643,14.8983,7.6351,11.6794,12.4894,11.9407,12.1756,7.7479,12.7763,11.213,14.4136,11.5448,13.1194,9.708,8.2237,9.8416,12.8993,13.035,9.8019,12.908,13.1264,10.2122,7.0129,12.9575,13.1537,14.0839,11.6268,10.7241,8.2308,13.3777,10.8956,13.9203,13.4985,6.5685,8.8265,10.9554,13.7563,12.3503,11.0469,11.4131,11.6872,9.1538,13.0672,12.4113,9.3508,12.7731,13.0116,13.9149,12.0102,12.1311,13.1068,14.0103,13.9384,12.7241,12.2817
"204508_s_at",10.1763,9.3275,9.92,8.9128,4.8606,4.5569,6.4544,4.723,3.7788,8.4624,9.0767,8.8618,7.2568,8.201,8.4555,5.8544,7.7363,5.4881,10.3608,10.4822,9.5693,6.3788,6.2395,4.7333,9.3072,9.7793,8.1056,8.7031,4.5763,4.1328,4.7115,5.852,5.6595,10.076,8.0906,11.4458,9.7068,9.3395,9.8688,9.4071,10.1436,3.1318,4.7862,9.3766,3.5843,8.9374,10.1122,11.2929,6.8452,9.1324,7.0044,9.7578,8.353,10.3654,10.7588,10.1203,10.8232,10.2651,10.1747,7.6257,10.746,11.6026,10.7002,7.4145,9.0546,6.5162,8.0046,4.5782,7.6451,9.2572,8.5738,5.1272,8.7904,4.5907,10.3686,3.6682,12.795,3.4802,8.475,10.3336,8.8656,9.4682,4.3129,9.737,8.0685,12.238,8.4227,10.106,5.2147,4.5194,7.1318,10.3476,10.788,7.5743,10.3959,10.3555,6.4935,3.9804,10.9673,10.9712,11.6516,8.9403,8.6209,3.3617,11.5707,8.1877,11.9468,10.9283,3.5299,6.4021,8.3631,11.7365,9.9419,8.7742,8.8494,9.1732,7.3977,10.2045,9.9137,5.4341,10.4918,10.356,11.4213,9.8751,9.7861,10.6719,11.8875,11.3125,10.1568,9.5181
"215867_x_at",12.6194,11.5534,12.7285,11.0454,9.8391,9.3945,9.2365,10.1242,8.4811,11.8321,12.0586,11.2566,9.8661,10.931,10.7828,10.5213,10.7924,9.3723,12.5183,12.9994,12.217,9.5794,9.7829,9.5442,11.9344,11.8592,10.5819,11.6647,9.0829,8.7861,8.1038,9.7983,9.3203,12.3123,12.1451,13.3377,12.4268,12.156,12.3598,11.7531,12.4881,7.8491,8.7277,12.3237,8.8596,11.3998,12.2942,13.5062,9.9496,11.2328,9.7074,11.5032,11.2002,12.6609,12.4754,12.3601,12.9799,12.1248,12.5534,9.9286,12.313,13.9752,12.4954,9.8276,11.7004,9.7538,10.6948,9.7164,11.6786,11.7016,11.5719,9.4105,11.2668,8.3812,12.5347,7.2726,14.7284,8.368,11.4289,12.607,11.9018,12.22,8.15,12.555,11.431,14.1152,11.534,12.7516,9.9146,8.3414,10.3519,12.7764,12.8726,9.4783,12.6528,12.9668,10.2404,6.0918,12.7089,12.9391,13.8849,11.6762,10.6393,8.3014,13.2189,10.6105,13.8427,13.2226,7.2514,9.0692,10.9504,13.4699,12.2351,11.1743,11.2031,11.7157,8.7807,12.7996,12.0084,9.2339,12.6107,12.6857,13.8362,12.0276,11.8135,12.8927,13.788,13.592,12.4857,12.2326
"210735_s_at",11.5638,10.8918,11.6213,9.7456,8.3891,8.259,7.8738,8.6826,7.3029,10.0083,10.7399,9.7376,9.0941,9.6425,9.4931,8.8212,10.0638,8.9721,11.9763,12.0741,11.0802,8.6477,8.9561,7.6934,10.4727,10.7946,9.9596,10.3508,8.6782,7.4385,7.6504,8.5991,7.985,11.5397,11.2167,12.572,11.2184,11.1162,11.73,10.7053,11.1614,7.8961,8.7508,11.1342,8.11,10.285,10.8788,12.4535,8.3163,9.8943,7.7867,10.7831,8.5793,11.0401,11.7114,10.8935,11.8609,10.9715,11.3171,8.6828,10.8518,12.8864,11.1198,8.7158,9.5679,7.171,9.2265,9.0262,8.7475,10.2123,9.1473,8.098,9.3413,7.8362,11.6425,6.9872,14.388,7.2154,9.1264,11.3022,10.1882,10.4036,7.2658,10.6465,9.358,13.084,9.4358,10.8096,7.6549,8.2358,8.881,10.6624,10.872,7.7896,10.9505,10.7562,8.3319,5.1655,10.3794,10.9609,12.1078,9.3354,8.7325,5.337,11.7083,8.7372,11.6722,11.4265,5.1141,6.7031,8.8549,11.0995,10.4197,9.7764,10.0312,9.8777,7.1023,10.2781,10.6261,7.746,11.2004,10.6273,11.3223,10.4052,10.2118,11.0796,11.9082,11.7399,10.375,8.8729
"203963_at",12.0638,11.3553,12.3832,10.9812,8.7607,8.3969,8.2397,9.4002,6.9433,11.2113,10.975,10.7894,9.2444,10.8107,10.3061,9.284,10.3446,8.508,12.0857,12.6455,11.916,8.6398,8.8253,8.6587,11.7422,11.728,10.3171,11.356,8.3462,7.7502,7.0838,8.9223,8.1957,12.1092,11.6731,13.0861,12.2741,11.9837,12.1658,11.7799,12.0982,7.3925,7.9611,11.8307,8.0296,11.5362,12.0082,13.321,8.8828,11.0726,8.5622,11.5175,10.3906,11.86,12.4411,11.8202,12.7794,11.7608,12.1047,9.659,11.8247,13.5149,12.1587,9.5252,11.466,8.0705,9.8024,8.3039,10.7601,11.9975,11.0794,8.9283,10.8238,8.2676,12.189,7.8912,14.8948,8.0651,11.073,12.2047,11.9398,11.6818,7.8811,11.8006,10.976,13.7843,10.6024,12.1372,9.3087,7.4954,9.4839,12.2494,12.2392,7.9268,12.3648,12.3251,10.0077,2.8155,12.4701,12.6421,13.1886,10.9067,10.7021,6.5338,13.3377,10.4313,13.8283,13.074,4.6608,7.828,10.7427,13.7544,11.8654,10.797,10.5987,11.4559,7.6876,12.7582,11.7433,8.4484,12.2367,11.8789,13.5676,11.7728,11.6557,12.4714,13.452,13.7906,12.1205,11.8236
"217838_s_at",11.8757,11.8462,12.0364,12.1382,7.6534,9.5579,10.1702,8.2785,8.4605,10.7519,11.1963,11.7824,9.5908,9.714,9.5206,8.8303,9.5858,9.1748,10.4109,11.8275,10.139,9.6102,8.1124,8.8584,12.1268,11.5888,11.5862,10.318,9.5531,8.3891,8.5696,9.1637,9.3707,10.8835,11.5948,11.375,12.5505,12.1861,10.7861,10.8032,11.0543,9.5212,9.7588,13.0999,9.4687,9.3471,12.9724,9.9225,8.6887,11.4232,9.5392,9.264,11.3047,9.0761,10.88,9.9765,9.7597,10.2444,12.1172,7.9828,12.5353,9.8219,11.7453,10.9317,9.1999,9.714,10.6316,9.5302,11.757,11.6953,11.5631,8.7314,9.0649,9.0741,11.6449,8.7721,10.1298,8.9233,11.481,8.9352,12.4218,9.445,10.4665,10.3409,11.0928,10.8933,10.3452,9.3252,8.574,10.8968,9.4023,11.8731,9.5304,8.8049,12.0024,12.2818,11.241,8.6673,11.3783,9.9292,11.9696,10.2909,9.6942,8.319,10.3995,11.1488,11.1661,11.8766,8.9967,9.1497,10.1772,8.9295,11.8364,10.9705,10.7006,12.0876,9.5993,11.8732,11.4062,10.2426,8.834,11.2156,11.3198,10.6432,10.3179,12.0128,11.4841,8.2974,9.2279,12.8914
"209602_s_at",11.1535,10.8437,10.7019,11.6447,7.3628,8.1069,10.3437,7.5764,6.6175,10.1296,9.9895,10.9835,9.1959,10.1162,9.2392,8.8079,8.9575,3.9655,11.2706,11.3341,10.8359,10.3926,6.7092,7.6899,11.4216,11.2286,11.578,8.3442,8.2722,7.4846,6.5262,7.2882,8.4579,10.9844,11.3471,11.4407,10.8253,10.7504,11.2149,10.5645,11.4773,7.8565,5.773,10.3976,7.2402,10.4453,11.2285,11.2332,6.7967,10.9272,8.2617,10.4623,9.3914,7.5495,10.4448,9.9629,9.9886,9.4858,9.4651,7.2383,9.6359,7.9591,10.8931,11.0902,10.3524,6.1696,7.9057,5.2545,9.2358,10.1783,9.051,5.0434,8.2213,3.6039,9.6186,3.1119,10.4802,2.2896,9.2521,9.1944,10.0121,11.5135,7.1936,11.4182,10.9122,11.5783,10.1083,9.7199,9.2297,7.0487,9.0755,11.0155,10.4628,9.0994,12.5607,10.8822,9.8277,6.3071,12.0597,11.9369,12.4513,10.2457,10.5574,6.9195,10.904,9.9768,12.7286,12.1614,6.8205,7.4983,10.6932,11.8087,10.9503,10.0584,10.0387,11.7164,8.3884,10.7905,12.8387,8.542,10.9124,11.2448,10.6992,11.6566,11.6477,12.0137,12.1999,10.3284,8.0318,12.0178
"202089_s_at",14.1629,14.5094,11.7586,10.9894,11.5502,9.8817,13.4754,10.4048,10.5191,11.262,12.7289,13.5852,10.383,11.4773,10.0365,10.3296,12.8094,9.6299,10.989,14.4436,14.2569,11.1723,12.0075,9.9015,13.7197,13.4658,11.9682,12.3272,9.5577,11.1846,10.1474,9.9148,11.2576,13.7677,13.4121,13.7118,13.5653,10.9032,14.0442,12.5275,13.6885,8.807,9.6906,12.0902,10.3754,11.1186,10.8328,13.7449,10.6339,12.0619,10.5638,12.8618,11.9585,10.677,12.8539,10.5498,12.9901,11.0425,12.3137,11.4741,11.9571,12.047,13.3041,13.1583,10.6078,10.5588,10.5662,9.7675,12.1449,13.8486,11.4991,10.0422,10.7158,8.6664,12.0466,8.7025,14.4072,9.412,12.7767,9.0855,12.695,10.4101,9.8093,12.2415,12.2243,14.0003,12.0006,11.8811,9.6235,9.1645,10.0836,13.585,13.4362,11.5804,14.0194,14.847,10.5717,10.2343,13.9615,14.2376,14.6076,11.075,10.7427,11.0792,11.1446,11.5356,14.1799,14.4327,10.2204,10.1837,9.978,12.238,13.6799,13.4395,9.8385,14.3804,10.7871,14.7482,13.6227,11.1835,13.5402,12.7918,13.5254,13.5966,12.5993,12.9836,14.0242,14.3211,9.9147,11.8914
"207038_at",8.6291,9.5709,9.3182,10.1055,6.1483,4.4582,9.5136,7.1903,6.7795,8.3767,8.5858,6.5963,7.9957,8.1231,9.2714,7.2436,6.2922,4.744,8.3711,8.7704,7.2939,4.4333,5.5157,4.6579,8.3189,10.3166,8.2277,7.8316,5.8543,4.7978,6.1169,5.6979,6.0081,9.9091,9.4439,8.5205,7.7991,8.2306,7.4836,8.0604,9.4697,3.8101,6.1812,7.8687,5.1372,7.9784,9.5559,9.2461,7.0147,8.733,6.9382,7.4852,7.8805,7.5892,8.265,9.8901,8.4985,8.4266,10.0367,7.1675,8.393,8.997,10.8216,4.7969,9.4743,4.3267,6.7716,5.5214,9.0578,8.9169,6.3163,5.8038,7.0178,8.0267,8.8936,6.2992,7.4972,4.3915,8.4924,10.4223,7.6028,8.6476,6.7617,9.3888,10.811,7.6279,7.9585,5.4843,7.203,7.9085,7.5839,9.0809,10.038,7.2165,10.9411,9.4377,9.1282,5.8849,9.1463,13.1925,12.1222,8.269,8.0106,6.1843,9.8766,8.8017,9.1827,11.1042,3.1047,5.3575,10.159,9.5198,8.1969,8.7467,8.4946,10.1676,7.1461,8.4716,11.8412,7.4506,10.8725,8.7203,8.165,9.0989,7.9048,9.2921,12.0313,8.8168,7.8883,9.1262
"202088_at",14.6123,14.9213,12.9683,12.8995,12.502,11.1754,14.1768,11.4306,11.5128,12.9006,13.8576,14.5652,11.6836,12.932,11.4543,11.3805,13.8154,10.0835,12.1994,14.8448,14.7702,12.2009,12.9895,10.7953,14.5712,14.1932,13.0582,13.8039,10.5884,12.3104,11.0008,11.6687,12.2739,14.3521,14.6268,14.6215,14.5849,12.272,14.6166,13.5248,14.1483,9.1827,10.9274,13.5231,11.337,11.9665,12.5746,14.5636,12.0894,13.293,11.7379,13.9358,13.4694,12.009,13.5839,11.7664,13.9572,12.3134,13.21,12.4048,13.1868,12.7765,14.1245,13.8195,12.5364,12.0185,11.6994,10.0439,14.5124,14.6765,13.5006,10.9534,11.7631,10.8592,12.7707,10.1966,15.0905,11.192,15.2332,9.5147,14.1632,11.6388,10.4955,13.3284,13.5461,14.6412,13.0577,13.0762,11.0909,9.5773,11.0338,14.8403,14.778,13.2228,15.093,15.7691,11.2645,11.658,15.332,15.0335,15.3275,12.5591,11.543,12.593,11.8685,13.1425,15.1261,15.1433,11.5104,11.55,12.108,13.9771,14.7497,14.8461,11.1509,15.3408,11.8024,15.5587,14.7097,12.8014,14.4117,14.1117,14.8422,14.7144,14.2253,14.346,15.3118,15.4659,11.1364,14.474
"204881_s_at",10.5478,10.7098,11.3727,12.5652,10.5552,9.4855,11.0751,9.6288,9.7419,9.6794,10.2045,10.518,9.7463,9.4684,10.1392,9.2502,9.9255,9.2424,10.4363,12.4399,9.8834,9.7449,9.9552,9.4503,10.4931,12.0545,10.3183,9.9539,9.9051,10.0684,9.6394,9.56,9.2831,10.9344,11.4219,11.1725,12.3831,10.2985,11.3247,10.7347,13.484,9.3544,9.4331,10.4579,9.6884,10.4295,10.2968,11.896,9.8881,11.0832,9.9532,10.5687,9.681,10.7456,10.379,11.2222,11.6251,11.9489,13.1831,10.6586,12.2556,11.0301,12.7712,11.1614,10.5872,9.0239,9.8445,9.0062,10.5631,11.4698,10.3431,9.6558,9.0651,9.2294,11.159,9.8425,13.3501,9.5963,10.2923,10.496,11.2882,10.6571,10.4652,11.0808,12.1521,10.6344,10.2616,10.4987,9.9956,10.7352,10.4705,11.2715,10.6363,9.5484,11.406,11.1085,10.7899,8.7958,13.2399,11.407,14.0896,9.9988,9.6987,9.5637,11.0949,10.3498,12.2878,11.7765,9.4057,8.5641,10.3089,13.0417,9.3806,11.1356,11.2593,11.9386,9.7494,10.538,12.4597,11.197,11.3543,11.4534,10.7148,10.8744,9.5824,10.645,13.1057,10.513,10.9197,9.9504
"218532_s_at",9.6457,8.3003,10.2413,9.1473,6.4613,7.2301,11.323,6.8401,6.454,9.5452,9.2363,8.7106,7.3767,9.0277,7.9193,7.9615,7.4231,7.5269,10.6617,9.3523,9.6636,8.943,7.9715,7.675,7.0996,9.3448,7.9362,8.6554,7.9729,7.6609,6.4357,8.1411,7.6337,7.1285,9.5004,9.7527,9.2527,8.5971,10.622,9.1115,9.0509,6.8745,7.0856,9.6652,7.4029,7.3533,10.5635,10.1627,6.9187,11.0559,6.8268,9.1104,7.9246,6.2574,9.9704,7.3155,7.4906,8.1973,9.4272,5.0034,9.8445,8.1758,10.5191,10.7217,7.2008,7.2522,8.3462,7.6309,8.021,8.3468,7.4952,6.7161,5.5452,6.1909,8.222,5.9048,11.534,7.7726,8.272,7.9793,7.3477,9.0917,7.9016,8.7035,11.4691,10.1557,8.4256,9.3966,7.7207,8.8132,7.4331,8.7656,7.9558,7.9158,8.0182,7.6234,9.451,5.6187,11.1884,8.1467,11.111,9.0919,8.2269,6.406,11.1447,8.4889,11.0532,8.3856,9.2571,7.6104,10.524,9.608,9.6837,8.3802,9.2757,10.3111,7.1796,8.8849,7.7028,8.6303,6.9477,8.2991,7.718,9.1266,7.3664,9.3242,10.4416,9.4523,6.5515,11.0254
"211000_s_at",9.7316,11.2882,8.6531,9.3832,7.4048,8.3427,9.8925,7.7882,7.3019,8.0986,8.4126,7.3408,7.4405,8.3312,7.5125,7.8092,9.1445,7.9869,8.3199,10.5145,9.4412,7.0588,7.4195,7.2478,10.2516,8.5213,10.2295,8.6925,7.9352,5.4796,7.9163,7.3067,8.1422,9.7912,8.1922,8.08,11.2485,8.709,10.8391,8.2247,10.0655,7.5678,7.9979,9.9885,7.8357,7.8221,9.5004,8.6124,7.8934,8.9823,7.4521,6.2171,7.3856,6.7959,9.3928,8.7043,9.8677,9.6606,8.8123,7.4478,8.9915,9.5603,10.4977,8.0425,9.1572,7.0602,8.8198,8.0529,8.9393,9.5907,8.7553,7.2971,7.7762,7.3346,10.1994,7.3424,10.3641,6.6796,8.1985,6.9191,9.8928,9.7502,8.4819,10.1925,8.1579,8.7727,8.0443,9.5357,7.1951,8.5624,5.4453,11.8044,10.1959,7.1916,10.5512,10.2665,10.6822,7.7385,7.7802,12.0041,8.7245,9.7964,7.4317,9.4961,9.0567,9.2866,7.931,12.3638,9.4021,7.6569,7.4087,10.5717,11.0189,10.4823,10.1247,8.8426,7.9382,9.8425,11.3585,10.7119,11.7497,10.1846,10.2869,10.6426,9.957,10.5722,11.8854,11.5475,7.6231,9.3844
"218259_at",10.3963,9.4142,10.2641,10.8369,9.412,9.1956,10.4516,9.5324,8.7241,10.2003,9.748,10.105,9.8298,9.3036,9.6706,8.7706,9.8164,9.3663,11.0696,11.0321,9.9305,9.508,9.2563,9.4573,10.7207,10.219,10.2563,9.8752,9.2783,9.2516,10.0361,9.0473,9.2727,10.7859,11.1199,10.6188,10.719,10.559,11.599,10.0253,10.1936,9.2656,8.9358,10.3158,8.6437,9.9684,9.7882,10.3804,9.064,11.4126,9.462,10.7653,9.0908,8.4264,10.2136,9.5735,9.861,9.331,9.8416,9.1613,10.404,9.3987,10.9502,10.9612,10.1725,9.529,9.8749,9.0583,10.2832,10.8738,10.0437,8.3547,9.7361,9.3942,9.7258,8.8721,10.6735,8.7264,9.3742,8.8754,11.5701,10.7564,8.8442,10.5276,10.0065,10.2998,9.7746,9.971,9.4802,9.0198,9.1116,10.454,9.5806,9.529,9.4347,9.6822,8.8335,9.4021,10.2627,9.8089,10.2709,9.9914,10.0401,8.6124,8.8288,9.5211,10.3205,10.0396,8.8645,9.379,10.0364,11.0747,10.2379,10.252,8.6835,10.1802,9.1146,10.4732,10.2717,9.7696,10.3731,10.6647,9.6711,9.8321,10.2637,9.4126,10.9471,10.1181,9.1594,10.6441
"209791_at",8.1878,8.3732,10.3116,9.0129,10.3055,10.8728,8.7498,11.1324,10.3599,9.8715,9.1482,8.8037,9.0577,10.4562,10.8929,8.7486,11.0469,10.509,8.885,8.848,9.9711,10.4479,10.7394,10.3891,8.9031,8.6507,10.6408,9.8894,10.1466,11.2271,11.4846,11.6237,10.3051,8.5574,9.1237,8.0933,8.2355,8.9146,8.4618,9.2305,8.9684,10.0707,10.5846,8.8072,10.4193,10.6969,9.3776,8.5885,9.747,7.9093,10.8432,7.9739,10.1969,11.0668,9.3969,9.0077,7.091,10.0147,6.6321,9.779,9.1598,8.8986,8.017,6.9284,8.6421,9.7121,8.702,11.5622,11.5716,8.8875,9.7264,8.3055,8.8393,7.0309,8.6472,10.7038,8.8014,12.1716,8.8315,10.3215,8.9008,8.9021,11.467,9.663,7.0239,7.5124,10.7245,10.0131,11.0791,8.2823,11.9134,9.2842,10.8836,10.6659,8.9022,8.7569,6.3181,11.0591,7.6202,9.0518,8.594,10.2496,9.7435,10.2371,8.8099,7.794,7.9746,8.4242,11.3645,11.5145,9.4978,9.226,5.2568,10.2095,7.7126,7.1582,10.9014,8.1655,9.4319,10.2346,9.8839,10.3246,5.5552,8.778,9.9258,8.2537,7.6709,6.3779,9.326,7.5109
"218807_at",11.712,11.2932,10.2407,8.7277,9.431,10.4322,11.3518,10.2316,10.6392,10.3461,11.0891,12.4416,10.5185,10.1134,10.5153,10.9975,10.4554,9.3621,12.541,12.5266,10.0633,9.4642,8.2852,9.4746,12.111,10.3827,11.6894,11.6335,9.5097,11.5272,7.8797,8.9031,8.4921,11.8633,12.6619,12.3172,11.7564,12.7905,13.2121,10.8692,10.0033,9.3224,9.6071,11.8582,10.0948,10.0707,10.9744,11.8726,10.704,11.9333,9.0201,12.339,10.734,9.3795,10.9875,11.083,11.5952,11.4746,11.8745,9.7894,10.6268,11.8013,11.5208,12.397,12.8353,10.7465,9.4504,8.0546,10.9156,11.7578,11.4381,10.2629,10.2956,10.9605,11.9112,7.8809,12.7913,8.6093,9.9873,10.3818,12.4224,11.3707,8.9932,11.4762,11.9938,12.5122,11.5946,11.9201,11.1546,9.332,9.87,11.5283,11.2121,9.841,12.0799,11.8091,11.1796,10.7794,9.3168,12.0055,12.2305,11.5416,10.7029,9.574,11.2032,8.8376,12.7091,12.3639,10.2141,8.6119,11.4339,12.2304,10.7825,11.3811,9.7584,12.9344,10.5506,10.5007,11.3105,10.1054,12.5161,11.0178,11.637,11.9326,11.2821,12.5332,12.8961,12.0728,11.2296,11.5543
"221765_at",8.4652,9.1804,9.9421,11.6723,8.6269,6.9932,9.4039,7.9864,8.2455,9.2967,8.3236,8.8997,8.3369,7.9097,8.9592,6.9937,8.1902,6.6231,9.1526,11.026,8.0802,7.6985,8.3157,7.6277,9.0061,10.3056,8.6289,9.083,7.3754,8.2982,7.8555,6.345,7.7467,9.8328,10.3784,9.4373,11.4367,8.6282,9.4813,9.1093,12.1734,6.9921,7.5935,9.192,7.9526,8.1815,9.0788,10.6886,7.7591,10.1947,9.0158,9.3431,7.8924,8.3823,9.1768,8.957,9.5458,9.4477,11.155,9.3451,10.5003,8.972,12.037,10.1165,9.9723,7.5894,8.0915,7.55,9.2974,10.1542,8.8626,7.9049,7.4446,7.0805,9.768,8.4115,11.259,7.3782,8.7546,9.5089,10.5986,9.3166,8.1103,9.2629,11.1457,9.4791,8.1698,8.8811,8.3259,8.756,8.6357,10.6206,10.5639,8.1867,10.6539,10.1877,9.1497,7.7611,12.6124,10.6045,13.287,8.9287,8.9847,8.5595,9.6786,10.1138,11.046,11.0824,8.6297,8.1586,9.5242,12.3672,8.293,9.2812,10.476,10.4221,9.0007,9.7011,11.8409,10.432,10.3143,10.0862,9.5609,10.3514,9.276,9.6958,12.4147,10.2036,10.4512,9.9432
"203628_at",10.7755,9.841,9.4169,10.7668,6.2417,8.1707,11.3913,6.8459,8.0509,10.2676,8.7482,11.4914,7.6174,8.2848,6.3248,7.8213,10.7013,6.6642,9.6999,10.5476,10.3318,4.6809,7.168,8.3783,10.3855,9.9131,9.1156,8.7747,4.9963,6.7392,7.6927,7.1012,8.0613,10.119,9.7976,10.4411,10.1586,8.2562,10.7554,8.2252,10.0395,9.4743,8.5987,9.4791,7.0101,4.1982,9.39,9.9992,9.0128,11.8109,7.5772,10.4012,7.119,6.2579,9.5526,9.3018,10.2279,8.2331,12.7105,6.2098,11.0676,9.8635,10.9983,12.556,10.2914,4.347,8.2314,9.4931,11.1697,10.1469,9.4591,7.6975,7.6028,6.7144,9.3901,7.6682,14.782,8.7209,9.5163,7.5281,10.0812,8.7538,8.0245,8.3349,11.285,10.8229,8.9242,9.3252,7.4093,6.0633,7.1049,10.3429,9.0396,7.9148,9.4836,10.6958,8.2568,7.0799,8.0274,8.9142,10.3326,9.6083,5.9113,9.4807,8.5708,7.3792,15.5445,10.1334,7.4771,9.2369,9.3583,10.7715,9.5154,10.434,8.4852,11.8836,7.6683,8.8261,8.9492,8.7811,8.7039,8.7127,9.9817,8.5383,8.0269,9.6906,10.2376,7.9791,7.2608,10.7241
"218976_at",10.7154,10.9531,7.6926,11.4058,8.3815,7.2006,12.3901,6.4906,6.5483,9.2895,9.1395,10.9942,8.7117,7.8846,8.4101,7.5265,9.4474,8.158,5.4,12.0497,11.9432,8.3231,6.78,6.5949,11.8327,10.8567,11.3513,10.1764,6.8841,5.9129,6.9845,9.8653,4.8141,9.1839,8.6089,10.8698,11.7151,10.0755,11.0315,11.1602,10.7316,7.3543,6.869,11.1353,8.0287,8.6296,11.9573,9.3168,7.8649,11.3559,8.6673,8.9076,8.0514,5.6748,11.9687,7.2421,8.2057,9.1506,9.6739,8.0457,11.3736,9.5177,10.4978,12.0011,6.868,7.2522,6.9911,8.3964,6.7764,11.5226,8.8678,6.0266,8.6458,7.7584,8.4067,4.3355,12.1951,5.5374,9.1229,7.8091,11.7254,8.2142,8.3689,10.1086,9.5238,11.6309,9.9727,8.3772,8.4079,4.9993,8.7195,9.8159,10.4201,7.8373,11.2377,12.214,10.2164,4.4605,10.0624,10.0849,10.1161,9.8598,8.833,6.4287,9.6442,9.0032,9.7078,10.3289,7.2908,3.8698,8.4309,10.9937,11.8598,9.2585,4.6929,11.0069,7.872,10.8249,12.3094,9.2906,11.1203,11.2056,9.442,9.6937,8.9949,7.7284,12.5131,10.7625,7.0498,12.0243
"212208_at",10.2162,10.2149,10.5309,11.2145,9.4609,9.3862,9.6262,8.9967,8.9115,10.5497,10.0811,9.7427,9.7169,9.796,9.377,8.8874,9.2328,9.7908,10.1001,10.1758,11.0274,8.8704,9.0945,9.8257,9.969,9.5681,9.8033,10.5693,9.2941,9.8066,9.0369,8.8103,9.7525,9.7417,10.1587,9.71,10.4951,10.0136,10.2729,9.9505,9.567,8.5508,9.5046,10.9025,8.9231,9.3753,11.1045,10.3405,9.4974,10.6245,8.821,10.0054,9.2435,9.4157,9.2119,10.1639,11.0528,11.0039,10.8981,7.807,11.0941,10.7955,10.4399,10.0308,11.0673,9.6659,9.3995,9.7733,9.8184,10.3798,9.9131,9.9265,8.9543,9.1756,9.8607,9.7029,11.1936,10.1827,11.2524,8.797,9.6287,10.2166,9.2004,9.6767,10.1286,9.354,9.7082,10.5306,9.9655,9.609,9.3214,9.3549,8.9008,8.7007,10.0232,10.9454,9.2375,8.5252,11.1523,10.3037,9.0176,9.4548,8.9566,8.8417,9.2664,9.3556,10.7048,10.9916,9.1369,8.7677,10.6429,10.8673,9.4807,9.8927,9.9022,11.1196,8.6811,9.6029,9.8123,9.5434,10.2357,9.3888,9.5189,10.1033,9.4564,10.1942,10.9021,11.0602,9.3312,10.7269
"212148_at",12.2299,11.132,12.655,11.6885,10.2655,9.3949,12.5682,10.2657,9.8665,9.9578,10.9404,11.7877,10.4846,10.5958,11.2868,9.2244,11.5945,8.2524,11.3568,12.2201,10.8587,11.0426,8.9488,9.096,11.7366,13.1219,11.451,10.44,8.5953,10.7819,9.6663,9.5647,10.0428,11.5708,11.5808,11.8618,10.7861,11.3412,12.0494,11.2753,11.8226,9.4481,9.7944,10.5556,9.4249,10.0333,11.9824,11.5608,9.4503,12.7296,11.5574,12.0274,11.1959,10.1212,10.6307,11.3881,11.4162,12.0936,11.5354,8.6597,11.4661,11.2295,12.2221,12.6983,11.3471,9.2846,9.3743,8.9573,10.7719,12.0418,10.1491,9.0929,8.4598,9.8703,12.1762,9.9724,12.2759,11.8537,11.3765,11.3155,10.9222,10.9902,8.9841,11.0701,11.6781,11.1055,10.4579,9.6795,10.4945,7.6639,10.1673,10.6292,11.0988,10.1096,11.0652,10.5045,9.653,9.6189,10.7559,12.2508,10.8656,10.914,10.51,9.5824,11.1165,9.3676,12.144,10.8781,9.025,9.0949,11.832,10.988,10.2664,10.5024,11.4326,9.6436,9.0783,9.9724,11.635,9.8991,10.6955,11.7197,10.0752,11.4445,11.7106,11.5645,10.3704,10.4996,8.6812,10.6292
"204863_s_at",9.9978,11.6873,9.4441,10.0412,7.8701,8.1947,9.7687,7.7218,6.9864,8.3642,8.8275,7.4494,8.1566,9.0422,8.9011,7.5339,9.6556,9.1329,8.8289,10.5581,10.1392,7.1922,8.5096,8.1448,11.1168,9.2481,10.2326,9.7008,8.0287,7.4103,8.4199,7.3272,8.4059,10.37,8.1351,9.1509,11.6872,9.5861,10.2815,8.3545,10.3415,7.7077,7.949,10.6974,8.7409,8.1693,10.1343,9.2737,7.5126,9.4073,7.9706,6.9281,8.3829,4.4275,9.254,8.8708,9.6922,9.2968,8.4152,7.5862,8.6548,9.4593,11.1404,8.2421,9.2096,6.8914,9.0809,7.7519,8.9801,9.652,9.2462,7.1489,7.9062,7.6007,9.9284,8.1752,10.1085,5.7417,9.2492,4.8168,10.3807,10.7524,8.6972,11.1738,8.885,9.7565,8.8926,11.0353,8.4934,9.0224,8.167,11.69,10.4807,7.6829,10.6011,10.5171,10.5111,7.5474,8.1679,11.9698,8.7975,10.1977,7.8544,9.2298,8.7885,8.9268,7.6184,12.1943,9.2037,7.4192,8.0785,11.1041,10.9831,10.4916,9.7053,8.788,7.5542,9.3138,11.0395,10.1924,11.7312,10.1441,10.6455,10.1889,9.7294,10.266,12.1997,11.7059,7.0117,11.3017
"222125_s_at",10.0846,11.3964,11.0633,12.0589,8.7941,9.299,11.0407,10.035,8.4818,10.5242,10.097,10.8304,10.2115,10.7775,10.5156,8.9991,10.2023,9.4935,10.1666,10.7143,10.6615,9.838,9.4123,9.3849,11.3062,11.4633,10.6443,10.4321,9.3104,9.7792,9.5245,9.487,8.9075,10.373,10.8547,10.9318,10.6529,10.0085,10.4791,9.5836,10.8876,9.7875,9.8829,10.4858,10.1992,10.3494,11.5405,11.4468,9.9182,11.4798,10.3432,10.8477,8.1679,10.5897,10.12,10.231,10.9691,10.951,11.7582,9.7972,11.5561,11.1496,11.014,11.6831,10.1213,8.8235,9.4128,9.9038,9.4834,10.9439,10.3259,9.47,8.5795,9.7278,10.9246,9.8962,11.0581,9.2409,10.2571,10.0344,10.5905,10.5817,10.1382,11.198,11.0351,11.4388,10.6082,10.2062,9.8317,9.6282,10.1908,10.287,10.3779,9.9889,10.6966,11.0528,10.1727,7.67,11.3525,10.9274,10.9378,9.7753,10.1597,8.3502,11.0246,9.7608,11.2735,10.351,8.4611,9.8541,9.9484,11.5555,10.8674,10.4225,9.59,10.9494,9.803,9.5952,10.9269,9.6149,9.9906,10.7166,9.7507,10.1778,9.7104,10.6224,11.1671,11.2937,9.809,10.3659
"212195_at",12.0684,13.0105,10.6865,12.1357,9.282,9.055,12.0226,9.6723,8.5528,9.6649,10.1435,8.6414,9.3846,10.8553,9.9773,9.8942,11.6532,8.9414,11.2945,12.6114,11.9628,9.0738,10.0313,8.8029,12.5457,11.2633,12.1061,10.9762,9.9126,8.6073,9.5308,8.9099,10.3064,12.3112,9.8862,11.705,12.8748,12.0238,12.8381,10.5754,12.6476,9.0385,9.9881,12.0752,10.2378,9.7338,12.0772,11.5511,7.6908,11.6479,9.9765,7.3028,9.977,8.0674,11.5437,8.8683,10.4083,9.7196,9.3407,9.5489,10.1568,10.528,12.6289,10.259,11.8427,9.4479,11.8481,9.668,11.0953,12.18,11.3869,9.5856,9.4533,7.7427,12.0953,8.6251,12.3523,8.1236,10.6511,8.6502,12.4284,11.7572,10.4413,12.6511,10.1291,10.9134,11.2346,12.5774,8.3247,10.9253,8.028,13.7568,12.3163,9.61,12.7557,12.6872,12.8372,9.0962,10.1712,13.509,11.1388,12.3411,9.6868,11.1943,10.9881,11.325,10.8691,13.4595,10.7018,10.3491,8.9317,13.1641,13.2686,12.4655,11.6157,11.2879,10.3303,11.9811,13.3146,12.4413,13.2981,12.7596,12.2571,12.6265,11.6125,12.6667,13.6765,13.21,8.9224,12.814
"212196_at",10.3271,11.8577,9.827,10.4707,8.1949,7.9229,10.7468,8.709,7.2873,7.0863,9.2537,7.1307,7.96,9.1967,7.9186,8.5654,9.9328,8.443,10.1223,11.2004,10.7727,7.4955,8.9306,8.3767,11.3459,9.4261,10.5061,10.7217,8.1316,7.3259,8.3052,8.0438,9.2368,11.0953,8.934,10.2231,12.0542,10.3283,11.574,9.123,11.7281,7.7907,8.8659,11.2789,9.31,8.5608,9.844,10.6091,8.058,10.3877,8.3936,6.7427,8.0156,7.5309,10.1453,9.1768,10.7761,9.5634,9.1656,8.8457,9.1374,9.7578,11.3173,8.7589,10.0221,7.2141,9.9588,8.272,8.4135,10.6351,9.3,8.2293,5.5412,7.0134,10.568,6.99,11.0147,7.0976,8.5348,6.7802,9.9312,10.3416,8.9692,10.9603,8.3642,9.5217,9.5246,11.2653,8.1576,9.8442,6.9392,12.2308,10.7335,8.0531,11.1389,11.4439,11.3496,7.4045,8.4339,12.8909,9.7001,11.2684,8.7655,10.1385,9.1338,10.0174,9.1098,12.9166,9.6773,8.6037,8.091,11.6187,11.9163,11.2903,10.6088,10.01,8.761,10.8757,12.4641,11.3877,12.3832,11.1174,11.3566,11.4198,9.9947,11.3664,12.1149,12.0296,8.1374,9.8982
"219806_s_at",7.8638,9.8862,8.0707,7.59,9.981,9.2804,8.0843,9.5146,11.4363,8.7699,9.6149,8.7726,8.7228,8.8092,9.1168,10.2279,9.2563,9.729,8.1885,7.7254,7.8981,8.8481,10.4969,10.5138,8.917,8.3536,8.5389,8.9974,9.7943,10.3252,9.8692,9.7699,9.8204,8.0763,8.8009,6.837,8.5732,9.4362,8.6548,8.1274,8.6662,11.6356,9.6978,8.9368,10.1335,9.0099,7.8521,6.5961,8.7349,8.2785,9.0913,10.6194,8.3838,9.0237,7.4162,7.869,7.9711,7.6414,8.1941,9.1789,8.2578,5.4407,8.6893,6.8104,8.2495,10.1636,9.4394,10.4442,8.2342,8.17,9.7399,9.1258,9.4787,11.401,7.3125,10.8606,7.3497,9.2318,9.0661,7.7794,5.4238,9.6849,9.6235,9.1879,8.3913,7.4588,10.0424,9.677,9.8949,9.2652,9.5236,8.9707,6.8383,9.3153,8.0876,9.4419,8.8404,10.7532,8.4,6.8222,7.9278,11.0038,9.1519,9.852,8.6973,9.6208,6.3178,7.7993,9.106,9.6431,9.2496,7.9668,7.3639,10.4863,8.9686,8.4294,10.6444,8.2446,7.4393,10.1555,7.4423,6.8629,8.9736,8.7218,9.6496,8.2466,7.5353,8.5687,10.2381,9.0948
"203904_x_at",8.9227,8.9963,9.2336,7.7969,9.6852,9.717,7.8312,9.5425,9.9536,9.2939,8.5673,6.4699,8.806,9.2224,9.6571,10.1328,9.5101,9.6038,9.162,8.4363,8.8915,8.6105,9.7079,9.5395,8.2717,8.3255,9.1287,9.355,10.0214,9.8829,9.4748,10.3389,9.9871,8.4322,7.2213,7.6332,8.4961,9.0681,8.0073,8.9503,6.43,9.6123,9.3809,9.2528,9.1546,8.5869,8.0735,7.3979,9.46,5.4677,9.0235,8.966,9.0232,9.666,6.5951,9.0853,8.5039,9.0844,7.0679,9.2022,7.4116,7.1008,7.184,6.115,8.1984,9.1372,8.5969,9.1606,8.3474,7.1445,8.9084,9.3007,9.6799,8.3809,7.669,9.6238,8.1431,9.0219,8.5905,9.0469,8.474,9.3205,9.6026,10.2091,6.293,7.1456,10.1095,8.7516,10.0122,10.5533,9.4518,9.4383,8.3839,8.3048,7.9407,9.747,8.6008,8.7232,8.3474,9.3255,6.4629,8.8363,9.0738,9.4383,8.2646,10.2301,7.9826,9.2324,8.3623,8.8024,8.7092,7.7411,7.2862,9.5775,9.4367,6.6377,10.3879,8.6455,9.9675,9.9809,7.8776,5.7323,8.2555,9.15,8.8953,8.5153,8.239,7.4308,9.4738,9.2879
"208682_s_at",12.3746,13.0787,11.2795,11.8144,9.7605,8.3875,12.0966,11.1263,9.1876,10.3644,10.1621,10.0764,10.0106,10.27,11.0808,10.3881,11.0533,9.3447,9.9053,12.1195,12.5853,9.6745,9.8108,9.5312,12.487,12.2879,10.8882,11.8838,9.971,11.8471,9.9441,9.9268,8.8272,12.1953,11.1816,11.0502,13.0456,10.6646,13.2664,10.6068,11.4847,9.5082,9.0867,11.8161,9.6567,9.8274,12.3332,10.4225,10.3933,12.8651,11.6363,12.5426,10.9999,13.6939,12.2245,12.3781,12.2742,11.3167,13.4905,9.6627,12.8653,13.6182,13.3513,11.0504,10.8461,10.6594,9.6359,10.0727,10.9713,12.3162,10.6801,9.5394,10.2565,9.4326,10.8614,9.8733,10.5076,9.249,11.4527,10.5861,12.2417,10.0193,9.5114,10.9094,11.8393,12.5662,12.1344,12.0292,9.4326,8.8489,10.4871,11.0181,11.8219,10.8522,11.0058,11.5322,11.0184,8.7583,10.3906,11.9772,11.7903,10.9608,10.2938,9.7422,11.7722,11.053,13.097,12.2525,10.1471,9.7833,10.1663,12.4706,13.417,11.3153,11.2442,10.6446,9.477,11.9871,11.8212,10.116,11.5023,12.5161,10.8065,11.5059,11.5796,10.8795,12.1891,11.9794,10.5702,11.303
"202139_at",9.6771,10.8085,10.235,10.4734,9.1326,9.1653,9.9898,9.6656,9.741,9.0736,9.1642,10.3352,9.0234,8.9808,9.562,9.4932,9.7562,9.169,10.4076,10.4654,9.8785,9.4119,9.5314,9.8142,10.4237,11.5728,10.0449,9.899,8.7847,9.3912,9.2431,9.6776,9.411,10.2601,10.1226,10.6952,10.3088,9.6331,10.9027,8.9889,9.4277,8.7422,9.988,9.5324,9.1598,9.3023,10.5449,9.6266,9.2324,11.0214,9.8411,10.0576,8.8575,9.5328,9.8995,9.4938,10.3617,9.9631,9.4675,9.5099,9.9508,9.793,9.8288,10.9793,8.5443,8.5122,9.7683,9.3583,9.3351,10.051,8.756,9.8552,8.6079,8.3515,10.5579,9.4855,9.9118,9.0506,8.9604,9.3689,10.2981,10.5468,10.2692,9.4291,10.1446,9.5153,9.8319,9.7727,7.7979,8.8434,9.051,9.8146,9.9777,8.6956,10.2915,10.5553,10.2042,9.2413,10.1527,10.4393,9.8458,9.7039,9.5519,9.3898,10.8259,9.2985,10.355,10.7703,10.3299,9.7448,9.0725,9.8534,10.9287,9.1478,9.6885,8.9228,9.4302,9.9813,10.5715,9.2225,10.4938,9.6001,9.3315,9.5583,9.7096,10.6821,11.4846,10.1097,8.8837,10.0131
"204862_s_at",10.5762,10.7305,10.6803,10.3446,9.0206,9.1647,10.6104,9.181,8.6182,11.1236,8.7244,10.0311,9.8439,9.7092,10.0539,9.7404,9.3065,8.1859,10.7254,11.1794,11.1375,8.9664,9.6172,9.2929,11.3909,10.7828,10.6248,10.1305,9.6242,8.6571,8.8653,9.5046,9.568,11.3692,10.8058,11.2639,11.3278,10.6669,11.1852,9.5408,9.7819,9.5946,9.9619,10.6722,9.3203,10.2417,11.3682,11.2805,11.1714,11.6426,10.6326,11.6321,11.5274,11.3985,11.1443,10.9176,11.3105,11.8567,10.9048,9.652,11.5678,11.1534,10.7528,11.6436,10.2708,9.8921,9.9613,7.408,11.4809,11.5435,10.4021,7.5714,10.8157,11.1991,10.9904,8.4254,11.1375,9.446,10.7378,10.2985,11.9888,10.534,8.8696,11.5684,9.3534,12.687,10.4846,10.6622,8.9473,8.8669,9.7413,10.3014,9.948,9.5756,10.5505,9.3473,10.1611,9.9197,10.391,10.401,10.5481,9.1534,9.6688,9.4468,10.0159,9.8986,10.328,9.9576,8.9188,9.6924,9.0242,11.037,10.3603,9.5535,9.2983,9.1472,9.1413,10.4513,10.606,8.9496,9.916,10.88,9.6671,10.4411,10.1686,10.2458,10.7756,10.7841,9.2492,11.0185
"218195_at",11.0995,11.6987,10.9932,10.7655,8.2721,7.9139,11.3075,8.1801,8.3366,9.9185,10.4579,11.9377,7.4925,8.3895,7.6365,7.4394,10.2975,7.7218,12.0681,10.8388,11.0545,9.1125,8.4745,7.3297,10.5461,12.3787,9.0447,9.421,8.1754,9.3182,8.0894,8.8225,7.3223,10.4596,10.4496,13.1833,12.1323,9.4675,10.7806,9.5435,10.6317,8.6636,8.6621,8.9522,7.4783,9.5644,7.6909,9.7987,5.2967,11.5731,8.3504,10.0501,10.7916,7.1592,11.8679,9.6853,7.5947,7.6044,8.6416,8.1433,7.5246,9.0443,11.5855,9.6235,9.0539,7.6275,7.4777,6.9624,9.2636,10.8484,8.0094,6.1922,7.7852,6.9487,9.1045,6.1667,10.308,6.4936,7.2173,7.758,9.4239,10.4678,8.8548,10.0274,11.9514,10.6229,9.636,8.8227,7.4383,8.9216,7.5173,9.6801,10.326,12.0259,9.9663,10.2215,11.348,8.4426,12.4102,11.0581,12.2754,9.6256,10.4997,8.2384,9.8469,9.943,11.7661,10.2107,8.4483,8.3483,10.1079,11.4682,10.748,9.6707,11.0811,13.4552,8.4427,11.2198,9.7479,9.4797,10.7772,11.5353,10.8182,10.8706,9.9949,12.5278,10.878,10.7407,8.75,10.2513
"201413_at",11.7633,10.974,10.6308,10.312,10.0372,9.8207,11.0842,9.6725,9.3934,10.7038,10.7947,9.3608,9.8636,10.7594,10.115,9.074,9.7682,8.9542,10.1884,11.8005,11.1881,8.7777,10.8168,9.3037,11.6519,11.0339,11.7166,10.1406,9.6825,10.5714,8.9214,10.381,9.5416,11.2212,10.7933,10.9111,10.6076,11.5665,11.3665,11.0225,10.8989,9.7692,9.9902,11.0801,9.9949,10.5961,11.0113,10.5434,10.3742,11.0876,10.5937,10.6042,10.908,10.0811,11.4665,10.91,10.7191,10.4928,9.9687,9.0125,10.6155,11.6907,11.2294,10.8337,9.4377,10.0261,10.9344,9.6849,11.2823,11.5467,10.794,9.9372,9.0796,10.3175,10.5642,9.3911,10.3737,9.8139,9.9685,10.1578,12.039,10.6393,9.5337,10.9399,10.7628,11.519,10.6102,10.6813,10.3203,9.9206,10.1045,12.1447,11.4642,10.6755,11.8608,11.8488,10.478,10.1242,11.5789,11.0365,11.2273,11.585,11.3139,10.3932,10.0876,10.8727,11.0048,11.4385,11.6277,9.8479,10.1657,11.3385,9.9228,10.7551,10.6985,10.4851,9.4297,11.4468,11.1347,10.3092,11.6749,11.3516,11.1937,11.6572,11.9665,12.1697,10.6715,10.5932,11.4872,11.4787
"210652_s_at",10.4112,10.7415,10.5217,9.0653,8.8334,7.7222,10.3543,9.634,7.534,9.681,9.5257,10.9734,7.8681,10.0096,8.5111,9.0076,10.6656,7.5041,10.6153,11.1991,8.4125,9.7586,10.8942,8.8192,11.364,10.1228,10.0802,10.2364,8.4403,9.8669,7.7961,7.6871,8.5245,11.7925,10.6306,12.0143,9.2848,9.3926,11.7398,10.1134,9.2823,9.8576,7.0468,9.5221,7.9407,10.1741,10.33,10.8154,10.0325,11.0721,10.0193,11.9278,11.4601,7.9387,9.6819,9.5574,10.8901,9.9321,9.0426,9.8624,9.5918,11.2093,10.307,11.6449,11.7804,8.9034,8.3486,7.8485,8.1356,10.551,9.6788,5.0684,8.3007,10.2472,12.2361,6.5398,10.3226,8.8021,8.947,8.6381,11.4051,8.1472,6.8519,9.7247,9.8392,8.6997,10.3211,11.1641,9.037,6.376,7.9305,10.7312,10.3014,10.1099,11.0825,10.0777,10.2375,8.1011,10.8265,12.6892,13.0083,9.9122,8.0396,5.9902,9.5402,8.9696,11.2809,10.8217,5.4376,8.2289,9.3391,10.9693,10.2448,10.9729,11.1397,11.4618,8.3703,9.5071,12.0442,7.7349,11.9042,10.749,9.09,9.9603,9.4477,9.9106,10.302,9.8694,9.4517,10.484
"41660_at",11.0664,10.5072,10.4909,8.6449,7.1483,6.4363,9.9066,8.6277,5.9426,10.005,8.928,9.2357,9.8691,8.869,7.2838,5.665,9.3741,8.0666,10.8098,10.6831,9.2862,5.9222,7.2576,8.0017,9.7212,9.7451,9.7797,8.5022,7.7546,7.6812,6.5394,6.8771,7.2436,10.9353,10.0935,10.7009,10.0065,10.3689,10.1128,9.0973,11.34,7.8809,7.7368,10.3216,7.7016,8.9184,10.0326,9.8602,8.2046,9.3621,9.6023,8.8967,8.8759,9.6887,8.2547,9.0764,10.5677,7.7574,9.4427,7.3392,9.3224,8.6402,10.1347,9.3748,10.522,7.2785,7.507,7.1716,11.1303,10.1914,9.6268,9.0462,9.0246,7.9993,9.9656,8.163,8.9782,6.8363,7.9757,8.4753,9.9475,6.623,7.2518,9.9094,9.5214,10.0491,8.3997,8.8332,8.2869,6.4193,9.0875,10.4419,9.4987,9.2215,10.0383,9.3625,6.3954,7.1819,9.7775,9.0444,9.8925,8.1915,7.7137,6.8946,9.6858,8.3137,10.8653,9.521,6.6435,8.2209,8.8422,9.398,7.5857,9.0855,8.3134,10.5014,7.5205,9.7033,10.4392,8.055,9.3215,9.2415,8.4341,8.6413,8.3001,10.4862,11.2294,9.104,7.4649,9.8459
"212219_at",9.7403,9.1851,9.2293,8.0183,10.5228,10.467,9.507,10.6626,10.939,10.195,9.3069,10.3701,10.614,9.5651,10.358,10.1321,9.9582,10.6571,9.2891,9.8988,8.9982,10.279,10.511,9.8925,9.4993,8.8486,9.4275,10.1265,9.8396,9.5518,10.7243,11.7759,10.6964,9.2629,8.7923,9.018,9.4172,9.675,9.418,10.3461,9.1956,10.551,10.8636,10.0462,9.876,10.0156,9.8934,9.3926,9.1455,9.4132,10.2987,10.2223,10.833,10.2054,9.6193,9.5513,10.3823,9.6164,8.5396,9.6282,9.1547,10.1616,9.987,8.8361,10.0685,10.6951,9.6248,9.8642,10.3535,9.3922,9.8639,9.4653,11.0154,10.0376,10.6589,10.4593,9.7483,11.0087,10.0004,10.5512,9.996,8.5497,10.0304,9.1608,9.3742,9.0296,10.5444,9.2044,10.2288,8.8232,10.2539,8.974,10.1194,10.7288,9.8873,9.3039,9.3135,10.1299,9.1789,10.4375,8.8827,9.3151,10.5263,10.1138,9.874,9.398,8.8072,9.4514,10.0193,10.5535,10.2185,9.7493,8.2705,9.372,9.0589,9.5992,10.3793,10.5732,9.277,9.509,9.9423,9.8466,10.1897,9.6549,9.2657,9.3396,9.9958,9.6711,10.3345,9.5028
"214552_s_at",9.8961,8.6694,9.0867,8.1349,7.8996,7.6154,9.0221,8.3517,8.3191,9.0261,8.8118,8.3807,8.1282,8.2668,7.846,6.7915,9.9873,8.1365,8.7791,9.9123,9.0683,7.9074,7.6204,7.9097,9.1478,8.3457,8.9398,9.457,7.6856,8.044,7.7708,7.7673,7.9405,9.2843,8.7476,8.7749,10.3356,8.746,10.8312,9.4148,9.1826,7.4246,8.1882,9.2208,7.7189,8.2829,7.7502,9.3933,7.9698,9.4815,8.3237,9.2497,8.2711,7.782,9.3145,8.0765,9.2849,8.3691,9.9868,8.4823,9.562,9.603,9.5749,8.3635,8.8068,6.5407,7.9218,8.6215,8.307,8.4881,8.6946,7.2963,8.3303,6.4992,8.5471,7.8312,8.8544,7.9272,8.4526,7.9581,8.3643,8.5246,7.672,7.9267,8.9876,8.3057,8.6939,9.0449,8.5398,8.3902,6.9152,9.0617,8.9473,8.2684,9.6474,8.704,8.9493,7.4499,8.8475,10.1816,8.545,9.361,8.139,7.8098,8.7733,8.9374,8.9992,9.6552,7.9463,7.6551,8.5619,9.8213,9.8082,9.5248,9.0775,9.5195,7.8448,9.5312,9.4007,8.3642,9.2667,9.9731,9.5884,8.0989,8.7692,8.7256,9.3345,9.3316,8.7557,8.6496
"219913_s_at",10.7725,9.7939,10.0879,10.5886,8.2174,8.408,9.6475,8.6022,8.9545,8.6731,8.7521,9.6732,8.497,9.7325,9.3573,8.3586,8.8694,8.549,9.5766,9.6452,9.1321,9.8929,8.2521,8.4699,9.4746,9.8555,9.3418,8.6098,7.8011,8.5755,8.3659,8.9222,8.8905,9.493,9.1538,9.8568,9.3154,9.4489,9.9644,8.8787,10.1466,7.8186,8.7766,8.7529,8.6923,9.2038,9.5935,9.4558,7.5596,10.7767,9.7859,9.629,9.9871,9.136,10.3913,9.1042,9.1342,8.5852,9.4448,7.7705,8.9566,9.1803,9.5892,10.3947,9.6182,7.4122,8.5113,8.8762,8.8974,10.5163,8.3905,8.9391,7.6893,7.2887,9.6929,8.4739,10.1296,7.995,8.9394,8.8565,9.6677,9.8418,8.9152,9.5762,9.3633,9.5309,9.0013,8.7482,9.2375,8.8493,8.8046,9.5319,9.9968,8.0671,9.3818,9.4855,9.985,8.9605,9.6541,10.6535,10.238,9.2597,9.898,9.2285,9.5921,9.0401,9.3793,9.6719,8.8167,8.7224,9.7344,10.0898,10.8759,9.167,9.516,9.6623,8.8618,9.7297,10.336,9.1918,9.7638,9.7363,9.1847,9.8565,9.966,10.0899,9.2867,9.4369,8.5532,9.5627
"203143_s_at",8.8893,9.9808,8.4284,8.432,8.2422,8.8707,8.5334,8.782,7.7838,8.6563,9.6874,8.3288,8.6883,7.9517,9.1238,7.7489,8.5993,9.2004,9.3102,9.5896,9.5971,8.791,8.0132,6.842,11.9116,9.2398,10.0896,9.9675,8.7848,8.1848,8.7906,8.2928,8.2597,10.3866,8.9293,9.5641,8.9018,9.8329,10.419,8.2575,10.5599,8.2834,8.8462,9.7368,8.459,9.1488,9.1355,10.0252,8.2652,9.0032,8.7093,9.2329,8.9604,8.9652,9.1634,9.6987,10.2933,10.0953,10.5712,8.9646,9.9228,10.2541,10.0977,8.3773,8.7952,8.219,9.6997,9.4439,9.2017,10.926,9.2538,6.8527,8.3501,8.4788,10.2468,6.2875,11.3776,7.6669,10.0183,9.86,9.7423,9.149,8.9675,10.4352,7.4538,8.0904,9.0134,9.241,7.826,9.7947,8.7673,10.7816,10.3376,8.3105,10.5551,10.1992,9.2582,7.5767,8.4323,11.6405,11.3182,8.2742,8.7718,7.434,10.2035,9.3122,8.8058,9.7766,7.4295,7.8731,8.3631,9.5054,8.142,9.0141,9.7242,8.7213,8.0038,9.3082,11.1332,8.8528,10.0245,10.2912,9.4192,8.7352,9.2393,9.5583,10.5437,10.6256,7.4811,8.5229
"212638_s_at",11.7337,11.4524,12.0208,11.8221,11.3121,9.6823,10.2163,10.7692,9.9999,10.6991,10.5791,12.4509,9.6299,10.3085,10.6256,11.3392,9.7966,8.799,11.6317,11.4267,11.1546,11.2238,10.4894,10.039,11.0424,11.9158,10.0731,10.301,9.8716,10.9159,8.9729,9.4904,9.6986,11.2114,10.655,12.1924,11.4416,10.797,11.9591,11.9413,11.3416,9.5126,9.4569,11.0385,9.1695,10.6046,11.6676,11.0624,9.0734,11.4039,10.5233,11.5837,11.3579,8.5671,11.7143,9.9569,10.444,10.7624,10.984,10.5767,11.1402,10.1639,11.3757,11.8366,10.2217,8.9679,10.1904,8.5307,11.1802,11.4207,9.9256,9.5558,10.3938,10.2786,9.7343,9.5179,11.6725,7.6491,10.6698,12.1839,12.1533,11.238,9.686,10.8251,9.8851,11.9535,10.9958,10.2887,10.1204,10.2894,10.1985,11.3759,12.4971,9.8447,10.9367,11.552,10.4421,8.6403,11.1251,11.6142,11.8629,11.2502,10.6603,9.2557,11.875,10.4715,11.5219,11.3843,10.2901,10.5228,10.8763,12.1734,11.8953,11.8018,10.5905,10.8932,10.2786,11.5237,11.3273,10.0946,11.6011,11.2626,9.5437,11.4764,12.0503,11.5279,12.8544,11.9789,9.7368,10.6596
"201754_at",14.6672,15.1851,14.9128,15.2968,14.0147,13.2727,14.4895,14.4283,13.4845,14.0527,12.7044,14.6717,12.6604,13.6393,13.8147,13.5301,13.6923,12.5206,14.3946,14.9116,15.535,13.6705,13.656,14.4878,14.9669,14.8403,13.1913,14.5142,12.2354,13.9865,12.357,13.5352,13.4404,14.1972,14.1259,15.0828,14.5366,14.6695,14.9083,14.7131,14.9625,13.4918,12.6939,13.5283,12.1815,14.6929,15.5202,15.487,13.4871,14.6673,13.6213,13.2348,14.6431,12.8591,14.3935,14.7725,15.0679,13.8252,15.5934,13.6981,15.1152,14.4917,14.7366,14.731,13.4877,13.1726,12.8693,12.5623,15.7108,15.9254,12.8462,13.8081,13.8316,14.5722,13.9353,13.4669,15.8319,14.3829,15.3643,16.0553,15.1987,14.5995,13.5956,14.5121,14.2055,14.7042,13.5043,15.0159,13.5342,13.1294,14.2033,14.5511,15.3918,13.1132,15.4438,16.1339,13.2701,13.5631,15.5731,15.1798,14.8,12.7651,14.255,13.6222,15.6051,13.2633,14.8607,15.2648,14.1576,13.1749,14.2568,15.8332,15.7158,12.209,13.7846,14.7946,13.6375,15.9536,15.6844,12.7118,14.526,15.4612,13.4667,14.7374,14.7056,13.7624,15.9593,15.77,12.889,15.3318
"202641_at",10.1932,9.7208,10.1136,10.0578,8.5456,8.7381,9.3674,8.7973,9.0609,9.0482,10.1751,8.2598,8.8785,10.3316,9.0481,9.0765,10.1928,9.2523,10.8245,10.6241,8.8616,8.4074,7.9411,8.7286,10.1526,10.7482,9.3274,10.0477,8.8627,9.4142,8.6813,8.6836,9.1133,11.1484,9.9847,10.068,10.544,9.5332,10.1918,9.0585,9.7565,8.8059,9.173,10.177,9.0736,9.8649,10.3267,10.6717,8.9365,10.5767,10.4444,9.7051,9.2741,9.4675,10.7218,9.8046,10.0905,10.8079,10.4804,8.5284,10.0173,11.0458,10.5737,9.0451,9.7353,9.1106,9.1469,9.233,10.5964,10.177,9.6793,9.6577,9.6515,8.9713,10.3138,8.9176,10.5668,8.6778,9.3492,8.6727,10.6722,9.3581,9.6345,10.1143,9.3936,10.2424,9.9146,9.1208,9.0348,8.4291,9.6806,10.2745,10.1545,10.1037,11.2389,10.6314,10.537,9.1349,9.5492,11.7048,10.5314,10.1318,9.1046,9.7089,9.801,9.6362,10.885,11.0245,9.6319,9.1895,8.8759,10.7657,10.7835,10.2341,9.4848,10.6657,8.5808,11.1666,10.9568,8.6332,10.7987,10.1555,10.5532,10.2485,10.3607,10.9974,11.9011,10.5184,9.5965,11.5384
"203693_s_at",7.7772,7.5019,7.0139,7.3541,8.3013,9.028,8.2366,9.2858,9.7804,9.1131,8.0724,8.6971,8.985,8.5468,8.8134,8.9117,9.2303,9.2152,8.789,7.216,8.0205,8.7341,7.8563,8.5376,7.0437,7.4609,8.8502,7.481,9.116,8.2969,9.7119,8.8308,9.6354,8.4732,7.7753,7.3884,7.9631,8.2499,6.5915,8.2841,8.7104,9.3852,9.2967,7.9179,8.6007,8.4116,8.3877,7.7365,8.2263,7.7091,8.8271,7.6341,9.666,8.1757,8.1162,7.8848,4.5194,7.6736,8.2155,8.9571,7.8536,4.5509,7.6404,8.4876,9.946,9.2243,7.734,8.7363,8.3714,7.7115,8.3083,8.6903,9.0612,9.0286,8.1907,10.0273,5.5863,9.8153,7.7755,8.2372,8.8581,8.5035,8.7834,8.1434,7.9742,8.0906,8.3894,7.6399,10.2173,8.4781,9.2426,7.7255,7.768,8.8019,7.9944,7.5043,8.1384,9.382,7.6761,8.2454,8.0422,7.9397,8.4121,9.4491,8.6628,8.2461,6.683,7.45,9.6783,9.141,9.1049,7.2941,7.9274,7.8794,8.2538,7.9329,7.6804,8.7596,7.928,8.3148,7.699,8.6183,8.0866,8.5138,8.726,7.5438,7.55,6.2596,7.5715,8.4891
"212276_at",7.6422,9.0944,8.4452,9.3088,10.2338,9.3869,10.404,8.6111,10.8303,9.4434,9.6562,8.6545,9.1884,9.202,9.2562,8.9022,10.6992,9.8984,7.6694,7.7396,10.3456,8.7401,10.5622,9.8181,8.6441,9.0727,8.4445,8.7884,9.7899,8.647,9.8911,11.8607,9.3204,7.8818,8.5829,8.3172,8.6798,8.6603,8.0403,8.8948,8.3559,10.6586,10.9085,9.1927,10.0927,8.3755,8.8102,8.5097,9.9307,8.2986,9.1258,8.1827,8.8104,8.1639,6.5913,7.5313,8.2163,8.3955,8.4425,9.0707,9.1649,8.8239,8.5259,8.5697,8.2348,11.1153,9.1973,9.5916,8.4576,8.6588,9.5343,7.8342,10.2177,9.1599,8.5594,9.7416,8.2346,11.2097,8.978,8.9463,8.2499,9.314,9.7385,8.551,8.7343,8.4256,9.3973,9.0637,9.0465,10.2231,8.5319,8.6911,7.531,8.6153,7.0332,8.5012,9.9862,11.2456,8.065,7.0598,8.5148,9.0682,8.6559,9.1917,8.7297,10.2319,8.5608,7.7044,9.7728,11.2741,8.9405,8.7968,7.5142,9.2151,9.286,6.9933,11.5555,8.8905,7.1699,10.0214,7.2029,8.737,8.6206,8.1034,7.8746,8.1036,7.3479,8.8002,10.0409,8.0361
"35666_at",11.3412,11.6222,11.7091,12.3499,9.529,10.754,11.4389,10.4379,9.2288,10.9169,10.5579,11.0748,11.4921,11.2267,10.6545,10.9645,10.0586,10.326,11.8089,11.1142,10.8025,10.7131,9.2333,10.551,11.2943,11.8532,11.4718,11.2886,9.7121,10.6775,9.3264,10.4082,9.3083,12.2565,11.5405,12.5338,11.1935,11.3441,11.011,11.0234,11.2466,9.6058,9.573,10.269,9.6377,12.0356,11.7675,12.2441,9.9864,11.3216,10.3779,10.7172,10.7683,10.1477,11.279,10.9685,10.8355,11.5414,10.4025,10.1272,11.0631,11.088,11.4604,10.9168,11.6039,9.8099,9.791,10.1312,11.09,11.4918,10.5448,11.7234,10.4059,10.6481,11.2839,9.583,11.1173,10.0924,10.8172,10.3891,11.6381,11.8649,9.3271,11.8412,12.0456,11.8888,11.1007,11.0285,11.7611,8.7692,9.6618,10.6301,11.1293,10.446,10.8662,10.1958,9.1544,9.9807,10.9584,11.0404,11.502,10.3246,10.2678,8.8428,11.0244,9.6307,11.2541,11.094,10.2094,10.1115,11.5472,11.6395,11.645,10.7844,9.8342,9.9668,10.329,11.0068,11.178,9.1664,9.7634,11.6942,11.3693,10.6059,11.3809,11.6166,11.9103,11.4415,10.0516,12.1663
