"","Model","AUCMEAN","ROCRAUCMEAN","AUC","ROCRAUC"
"1",332,1,1,1,1
"2",416,1,1,1,1
"3",6,0.983193277310924,0.983193277310924,0.985185185185185,0.985185185185185
"4",728,0.949579831932773,0.949579831932773,0.977777777777778,0.977777777777778
"5",23,0.953781512605042,0.953781512605042,0.974074074074074,0.974074074074074
"6",743,0.974114121172944,0.974114121172944,0.974074074074074,0.974074074074074
"7",89,0.974789915966386,0.974789915966386,0.974074074074074,0.974074074074074
"8",421,0.968531468531469,0.968531468531469,0.972222222222222,0.972222222222222
"9",509,0.970588235294118,0.970588235294118,0.972222222222222,0.972222222222222
"10",793,0.957983193277311,0.957983193277311,0.972222222222222,0.972222222222222
"11",800,0.970588235294118,0.970588235294118,0.972222222222222,0.972222222222222
"12",98,0.945378151260504,0.945378151260504,0.972222222222222,0.972222222222222
"13",695,0.970588235294118,0.970588235294118,0.971296296296296,0.971296296296296
"14",336,0.957983193277311,0.957983193277311,0.97037037037037,0.97037037037037
"15",378,0.949579831932773,0.949579831932773,0.97037037037037,0.97037037037037
"16",527,0.970588235294118,0.970588235294118,0.97037037037037,0.97037037037037
"17",730,0.957983193277311,0.957983193277311,0.969444444444444,0.969444444444444
"18",240,0.953781512605042,0.953781512605042,0.968518518518519,0.968518518518518
"19",380,0.966386554621849,0.966386554621849,0.968518518518519,0.968518518518518
"20",590,0.966386554621849,0.966386554621849,0.968518518518519,0.968518518518518
"21",716,0.96218487394958,0.96218487394958,0.968518518518519,0.968518518518518
"22",719,0.966386554621849,0.966386554621849,0.968518518518519,0.968518518518518
"23",298,0.956234941529059,0.95623494152906,0.967592592592593,0.967592592592593
"24",508,0.956234941529059,0.95623494152906,0.967592592592593,0.967592592592593
"25",718,0.956234941529059,0.95623494152906,0.967592592592593,0.967592592592593
"26",88,0.956234941529059,0.95623494152906,0.967592592592593,0.967592592592593
"27",611,0.96218487394958,0.96218487394958,0.967592592592593,0.967592592592592
"28",779,0.960084033613446,0.960084033613446,0.967592592592593,0.967592592592592
"29",506,0.957983193277311,0.957983193277311,0.966666666666667,0.966666666666667
"30",835,0.957983193277311,0.957983193277311,0.966666666666667,0.966666666666667
"31",450,0.957983193277311,0.957983193277311,0.966666666666667,0.966666666666666
"32",554,0.970588235294118,0.970588235294118,0.966666666666667,0.966666666666666
"33",660,0.966386554621849,0.966386554621849,0.966666666666667,0.966666666666666
"34",751,0.96218487394958,0.96218487394958,0.966666666666667,0.966666666666666
"35",814,0.957983193277311,0.957983193277311,0.966666666666667,0.966666666666666
"36",821,0.957983193277311,0.957983193277311,0.966666666666667,0.966666666666666
"37",1,0.965005582652641,0.965005582652641,0.964814814814815,0.964814814814815
"38",3,0.96920726332491,0.96920726332491,0.964814814814815,0.964814814814815
"39",423,0.964329787859199,0.964329787859199,0.964814814814815,0.964814814814815
"40",426,0.954545454545454,0.954545454545454,0.964814814814815,0.964814814814815
"41",606,0.951680672268908,0.951680672268908,0.964814814814815,0.964814814814815
"42",827,0.965710759828407,0.965710759828407,0.964814814814815,0.964814814814815
"43",16,0.949579831932773,0.949579831932773,0.964814814814815,0.964814814814815
"44",170,0.962890051125345,0.962890051125345,0.964814814814815,0.964814814814815
"45",744,0.957983193277311,0.957983193277311,0.964814814814815,0.964814814814815
"46",82,0.96218487394958,0.96218487394958,0.964814814814815,0.964814814814815
"47",828,0.957983193277311,0.957983193277311,0.964814814814815,0.964814814814815
"48",457,0.957983193277311,0.957983193277311,0.964814814814815,0.964814814814815
"49",555,0.96218487394958,0.96218487394958,0.964814814814815,0.964814814814815
"50",667,0.957983193277311,0.957983193277311,0.964814814814815,0.964814814814815
"51",772,0.957983193277311,0.957983193277311,0.964814814814815,0.964814814814815
"52",786,0.957983193277311,0.957983193277311,0.964814814814815,0.964814814814815
"53",86,0.957983193277311,0.957983193277311,0.964814814814815,0.964814814814815
"54",564,0.95483927836869,0.954839278368691,0.963888888888889,0.963888888888889
"55",688,0.967091731797614,0.967091731797614,0.963888888888889,0.963888888888889
"56",142,0.957983193277311,0.957983193277311,0.963888888888889,0.963888888888889
"57",541,0.953781512605042,0.953781512605042,0.963888888888889,0.963888888888889
"58",174,0.966386554621849,0.966386554621849,0.962962962962963,0.962962962962963
"59",179,0.955882352941177,0.955882352941177,0.962962962962963,0.962962962962963
"60",422,0.956631603690427,0.956631603690427,0.962962962962963,0.962962962962963
"61",559,0.962890051125345,0.962890051125345,0.962962962962963,0.962962962962963
"62",703,0.959393547628842,0.959393547628842,0.962962962962963,0.962962962962963
"63",725,0.947478991596639,0.947478991596639,0.962962962962963,0.962962962962963
"64",625,0.957983193277311,0.957983193277311,0.962962962962963,0.962962962962963
"65",126,0.949579831932773,0.949579831932773,0.962962962962963,0.962962962962963
"66",299,0.966386554621849,0.966386554621849,0.962962962962963,0.962962962962963
"67",518,0.941176470588236,0.941176470588236,0.962962962962963,0.962962962962963
"68",602,0.949579831932773,0.949579831932773,0.962962962962963,0.962962962962963
"69",618,0.951680672268908,0.951680672268908,0.962962962962963,0.962962962962963
"70",733,0.957983193277311,0.957983193277311,0.962962962962963,0.962962962962963
"71",737,0.957983193277311,0.957983193277311,0.962962962962963,0.962962962962963
"72",305,0.956234941529059,0.95623494152906,0.962037037037037,0.962037037037037
"73",233,0.952738438032556,0.952738438032556,0.962037037037037,0.962037037037037
"74",569,0.953781512605042,0.953781512605042,0.962037037037037,0.962037037037037
"75",459,0.952385849444673,0.952385849444673,0.961111111111111,0.961111111111111
"76",522,0.951680672268908,0.951680672268908,0.961111111111111,0.961111111111111
"77",95,0.955882352941177,0.955882352941177,0.961111111111111,0.961111111111111
"78",384,0.966386554621849,0.966386554621849,0.961111111111111,0.961111111111111
"79",515,0.954486689780808,0.954486689780808,0.961111111111111,0.961111111111111
"80",594,0.966386554621849,0.966386554621849,0.961111111111111,0.961111111111111
"81",693,0.960098724804607,0.960098724804607,0.961111111111111,0.961111111111111
"82",712,0.96218487394958,0.96218487394958,0.961111111111111,0.961111111111111
"83",755,0.957983193277311,0.957983193277311,0.961111111111111,0.961111111111111
"84",790,0.953781512605042,0.953781512605042,0.961111111111111,0.961111111111111
"85",804,0.966386554621849,0.966386554621849,0.961111111111111,0.961111111111111
"86",205,0.945378151260504,0.945378151260504,0.961111111111111,0.961111111111111
"87",114,0.957983193277311,0.957983193277311,0.961111111111111,0.961111111111111
"88",134,0.962890051125345,0.962890051125345,0.961111111111111,0.961111111111111
"89",198,0.957983193277311,0.957983193277311,0.961111111111111,0.961111111111111
"90",295,0.957983193277311,0.957983193277311,0.961111111111111,0.961111111111111
"91",37,0.953781512605042,0.953781512605042,0.961111111111111,0.961111111111111
"92",436,0.953781512605042,0.953781512605042,0.961111111111111,0.961111111111111
"93",505,0.957983193277311,0.957983193277311,0.961111111111111,0.961111111111111
"94",663,0.953781512605042,0.953781512605042,0.961111111111111,0.961111111111111
"95",715,0.957983193277311,0.957983193277311,0.961111111111111,0.961111111111111
"96",722,0.953781512605042,0.953781512605042,0.961111111111111,0.961111111111111
"97",738,0.953781512605042,0.953781512605042,0.961111111111111,0.961111111111111
"98",765,0.945378151260504,0.945378151260504,0.961111111111111,0.961111111111111
"99",770,0.949579831932773,0.949579831932773,0.961111111111111,0.961111111111111
"100",806,0.953781512605042,0.953781512605042,0.961111111111111,0.961111111111111
"101",85,0.957983193277311,0.957983193277311,0.961111111111111,0.961111111111111
"102",125,0.953781512605042,0.953781512605042,0.959259259259259,0.959259259259259
"103",209,0.953781512605042,0.953781512605042,0.959259259259259,0.959259259259259
"104",349,0.958688370453077,0.958688370453077,0.959259259259259,0.959259259259259
"105",41,0.953781512605042,0.953781512605042,0.959259259259259,0.959259259259259
"106",438,0.949579831932773,0.949579831932773,0.959259259259259,0.959259259259259
"107",671,0.953781512605042,0.953781512605042,0.959259259259259,0.959259259259259
"108",734,0.953781512605042,0.953781512605042,0.959259259259259,0.959259259259259
"109",797,0.953781512605042,0.953781512605042,0.959259259259259,0.959259259259259
"110",839,0.953781512605042,0.953781512605042,0.959259259259259,0.959259259259259
"111",359,0.949579831932773,0.949579831932773,0.959259259259259,0.959259259259259
"112",714,0.96218487394958,0.96218487394958,0.959259259259259,0.959259259259259
"113",9,0.9474936827878,0.9474936827878,0.959259259259259,0.959259259259259
"114",105,0.945378151260504,0.945378151260504,0.959259259259259,0.959259259259259
"115",344,0.96218487394958,0.96218487394958,0.959259259259259,0.959259259259259
"116",516,0.949579831932773,0.949579831932773,0.959259259259259,0.959259259259259
"117",576,0.949579831932773,0.949579831932773,0.959259259259259,0.959259259259259
"118",654,0.953781512605042,0.953781512605042,0.959259259259259,0.959259259259259
"119",721,0.957983193277311,0.957983193277311,0.959259259259259,0.959259259259259
"120",756,0.949579831932773,0.949579831932773,0.959259259259259,0.959259259259259
"121",768,0.945378151260504,0.945378151260504,0.959259259259259,0.959259259259259
"122",822,0.953781512605042,0.953781512605042,0.959259259259259,0.959259259259259
"123",319,0.948536757360287,0.948536757360287,0.958333333333333,0.958333333333333
"124",156,0.951680672268908,0.951680672268908,0.958333333333333,0.958333333333333
"125",139,0.950285009108539,0.950285009108539,0.957407407407407,0.957407407407407
"126",251,0.949579831932773,0.949579831932773,0.957407407407407,0.957407407407407
"127",335,0.949579831932773,0.949579831932773,0.957407407407407,0.957407407407407
"128",419,0.949579831932773,0.949579831932773,0.957407407407407,0.957407407407407
"129",461,0.949579831932773,0.949579831932773,0.957407407407407,0.957407407407407
"130",545,0.949579831932773,0.949579831932773,0.957407407407407,0.957407407407407
"131",587,0.949579831932773,0.949579831932773,0.957407407407407,0.957407407407407
"132",629,0.949579831932773,0.949579831932773,0.957407407407407,0.957407407407407
"133",727,0.949579831932773,0.949579831932773,0.957407407407407,0.957407407407407
"134",769,0.953781512605042,0.953781512605042,0.957407407407407,0.957407407407407
"135",767,0.947478991596639,0.947478991596639,0.957407407407407,0.957407407407407
"136",2,0.960098724804607,0.960098724804607,0.957407407407407,0.957407407407407
"137",698,0.952400540635834,0.952400540635834,0.957407407407407,0.957407407407407
"138",705,0.970588235294118,0.970588235294118,0.957407407407407,0.957407407407407
"139",15,0.943292002115532,0.943292002115532,0.957407407407407,0.957407407407407
"140",175,0.957983193277311,0.957983193277311,0.957407407407407,0.957407407407407
"141",306,0.945378151260504,0.945378151260504,0.957407407407407,0.957407407407407
"142",628,0.957983193277311,0.957983193277311,0.957407407407407,0.957407407407407
"143",726,0.941176470588236,0.941176470588236,0.957407407407407,0.957407407407407
"144",731,0.949579831932773,0.949579831932773,0.957407407407407,0.957407407407407
"145",750,0.949579831932773,0.949579831932773,0.957407407407407,0.957407407407407
"146",815,0.949579831932773,0.949579831932773,0.957407407407407,0.957407407407407
"147",817,0.953781512605042,0.953781512605042,0.957407407407407,0.957407407407407
"148",529,0.948536757360287,0.948536757360287,0.956481481481481,0.956481481481481
"149",809,0.949932420520656,0.949932420520656,0.956481481481481,0.956481481481481
"150",25,0.942586824939766,0.942586824939766,0.956481481481481,0.956481481481481
"151",296,0.953781512605042,0.953781512605042,0.956481481481481,0.956481481481481
"152",300,0.949579831932773,0.949579831932773,0.955555555555555,0.955555555555555
"153",377,0.949579831932773,0.949579831932773,0.955555555555555,0.955555555555555
"154",510,0.949579831932773,0.949579831932773,0.955555555555555,0.955555555555555
"155",702,0.948904037139331,0.948904037139331,0.955555555555555,0.955555555555555
"156",720,0.949579831932773,0.949579831932773,0.955555555555555,0.955555555555555
"157",748,0.945378151260504,0.945378151260504,0.955555555555555,0.955555555555555
"158",776,0.953781512605042,0.953781512605042,0.955555555555555,0.955555555555555
"159",811,0.949579831932773,0.949579831932773,0.955555555555555,0.955555555555555
"160",818,0.945378151260504,0.945378151260504,0.955555555555555,0.955555555555555
"161",832,0.949579831932773,0.949579831932773,0.955555555555555,0.955555555555555
"162",90,0.949579831932773,0.949579831932773,0.955555555555555,0.955555555555555
"163",149,0.945378151260504,0.945378151260504,0.955555555555555,0.955555555555555
"164",155,0.96218487394958,0.96218487394958,0.955555555555555,0.955555555555555
"165",213,0.941205852970559,0.941205852970559,0.955555555555556,0.955555555555555
"166",84,0.948198859963566,0.948198859963566,0.955555555555555,0.955555555555555
"167",163,0.945378151260504,0.945378151260504,0.955555555555555,0.955555555555555
"168",247,0.94327731092437,0.94327731092437,0.955555555555555,0.955555555555555
"169",357,0.939090321443262,0.939090321443262,0.955555555555555,0.955555555555555
"170",653,0.950285009108539,0.950285009108539,0.955555555555555,0.955555555555555
"171",666,0.949579831932773,0.949579831932773,0.955555555555555,0.955555555555555
"172",834,0.949579831932773,0.949579831932773,0.955555555555555,0.955555555555555
"173",103,0.953781512605042,0.953781512605042,0.955555555555555,0.955555555555555
"174",169,0.953781512605042,0.953781512605042,0.955555555555555,0.955555555555555
"175",350,0.957983193277311,0.957983193277311,0.955555555555555,0.955555555555555
"176",408,0.957983193277311,0.957983193277311,0.955555555555555,0.955555555555555
"177",521,0.945378151260504,0.945378151260504,0.955555555555555,0.955555555555555
"178",560,0.957983193277311,0.957983193277311,0.955555555555555,0.955555555555555
"179",766,0.953781512605042,0.953781512605042,0.955555555555555,0.955555555555555
"180",805,0.957983193277311,0.957983193277311,0.955555555555555,0.955555555555555
"181",831,0.953781512605042,0.953781512605042,0.955555555555555,0.955555555555555
"182",838,0.953781512605042,0.953781512605042,0.955555555555555,0.955555555555555
"183",135,0.947478991596639,0.947478991596639,0.95462962962963,0.954629629629629
"184",415,0.941176470588236,0.941176470588236,0.95462962962963,0.954629629629629
"185",167,0.945378151260504,0.945378151260504,0.953703703703704,0.953703703703704
"186",216,0.948198859963566,0.948198859963566,0.953703703703704,0.953703703703704
"187",308,0.945378151260504,0.945378151260504,0.953703703703704,0.953703703703704
"188",34,0.945378151260504,0.945378151260504,0.953703703703704,0.953703703703704
"189",389,0.947831580184521,0.947831580184522,0.953703703703704,0.953703703703704
"190",741,0.941176470588236,0.941176470588236,0.953703703703704,0.953703703703704
"191",825,0.941176470588236,0.941176470588236,0.953703703703704,0.953703703703704
"192",121,0.949579831932773,0.949579831932773,0.953703703703704,0.953703703703703
"193",696,0.9474936827878,0.9474936827878,0.953703703703704,0.953703703703703
"194",446,0.953781512605042,0.953781512605042,0.953703703703704,0.953703703703703
"195",562,0.94327731092437,0.94327731092437,0.953703703703704,0.953703703703703
"196",567,0.934183463595229,0.934183463595229,0.953703703703704,0.953703703703703
"197",656,0.957983193277311,0.957983193277311,0.953703703703704,0.953703703703703
"198",670,0.953781512605042,0.953781512605042,0.953703703703704,0.953703703703703
"199",754,0.953781512605042,0.953781512605042,0.953703703703704,0.953703703703703
"200",127,0.953781512605042,0.953781512605042,0.953703703703704,0.953703703703703
"201",171,0.949579831932773,0.949579831932773,0.953703703703704,0.953703703703703
"202",187,0.949579831932773,0.949579831932773,0.953703703703704,0.953703703703703
"203",189,0.941176470588236,0.941176470588236,0.953703703703704,0.953703703703703
"204",204,0.941176470588236,0.941176470588236,0.953703703703704,0.953703703703703
"205",337,0.953781512605042,0.953781512605042,0.953703703703704,0.953703703703703
"206",379,0.953781512605042,0.953781512605042,0.953703703703704,0.953703703703703
"207",381,0.949579831932773,0.949579831932773,0.953703703703704,0.953703703703703
"208",511,0.949579831932773,0.949579831932773,0.953703703703704,0.953703703703703
"209",544,0.953781512605042,0.953781512605042,0.953703703703704,0.953703703703703
"210",547,0.953781512605042,0.953781512605042,0.953703703703704,0.953703703703703
"211",583,0.949579831932773,0.949579831932773,0.953703703703704,0.953703703703703
"212",589,0.953781512605042,0.953781512605042,0.953703703703704,0.953703703703703
"213",591,0.949579831932773,0.949579831932773,0.953703703703704,0.953703703703703
"214",757,0.953781512605042,0.953781512605042,0.953703703703704,0.953703703703703
"215",764,0.945378151260504,0.945378151260504,0.953703703703704,0.953703703703703
"216",796,0.953781512605042,0.953781512605042,0.953703703703704,0.953703703703703
"217",799,0.953781512605042,0.953781512605042,0.953703703703704,0.953703703703703
"218",801,0.949579831932773,0.949579831932773,0.953703703703704,0.953703703703703
"219",228,0.950285009108539,0.950285009108539,0.952777777777778,0.952777777777778
"220",534,0.947478991596639,0.947478991596639,0.952777777777778,0.952777777777778
"221",184,0.947478991596639,0.947478991596639,0.952777777777778,0.952777777777778
"222",235,0.944335076688018,0.944335076688018,0.951851851851852,0.951851851851852
"223",396,0.948184168772404,0.948184168772404,0.951851851851852,0.951851851851852
"224",132,0.949579831932773,0.949579831932773,0.951851851851852,0.951851851851852
"225",144,0.947831580184521,0.947831580184522,0.951851851851852,0.951851851851852
"226",188,0.941176470588236,0.941176470588236,0.951851851851852,0.951851851851852
"227",237,0.936974789915966,0.936974789915966,0.951851851851852,0.951851851851852
"228",244,0.936974789915966,0.936974789915966,0.951851851851852,0.951851851851852
"229",391,0.941176470588236,0.941176470588236,0.951851851851852,0.951851851851852
"230",454,0.936974789915966,0.936974789915966,0.951851851851852,0.951851851851852
"231",580,0.945378151260504,0.945378151260504,0.951851851851852,0.951851851851852
"232",601,0.941176470588236,0.941176470588236,0.951851851851852,0.951851851851852
"233",633,0.939119703825586,0.939119703825586,0.951851851851852,0.951851851851852
"234",664,0.949579831932773,0.949579831932773,0.951851851851852,0.951851851851852
"235",709,0.952400540635834,0.952400540635834,0.951851851851852,0.951851851851852
"236",18,0.942939413527649,0.942939413527649,0.951851851851852,0.951851851851852
"237",226,0.938385144267497,0.938385144267497,0.951851851851852,0.951851851851852
"238",502,0.9531057178116,0.9531057178116,0.951851851851852,0.951851851851852
"239",791,0.957983193277311,0.957983193277311,0.951851851851852,0.951851851851852
"240",107,0.936974789915966,0.936974789915966,0.951851851851852,0.951851851851852
"241",168,0.949579831932773,0.949579831932773,0.951851851851852,0.951851851851852
"242",443,0.943292002115532,0.943292002115532,0.951851851851852,0.951851851851852
"243",604,0.932773109243697,0.932773109243697,0.951851851851852,0.951851851851852
"244",346,0.953781512605042,0.953781512605042,0.951851851851852,0.951851851851852
"245",444,0.937679967091732,0.937679967091732,0.951851851851852,0.951851851851852
"246",525,0.94608332843627,0.94608332843627,0.951851851851852,0.951851851851852
"247",556,0.953781512605042,0.953781512605042,0.951851851851852,0.951851851851852
"248",775,0.945378151260504,0.945378151260504,0.951851851851852,0.951851851851852
"249",120,0.941176470588236,0.941176470588236,0.951851851851852,0.951851851851851
"250",145,0.949579831932773,0.949579831932773,0.951851851851852,0.951851851851851
"251",180,0.945378151260504,0.945378151260504,0.951851851851852,0.951851851851851
"252",301,0.949579831932773,0.949579831932773,0.951851851851852,0.951851851851851
"253",311,0.941176470588236,0.941176470588236,0.951851851851852,0.951851851851851
"254",36,0.941176470588236,0.941176470588236,0.951851851851852,0.951851851851851
"255",367,0.945378151260504,0.945378151260504,0.951851851851852,0.951851851851851
"256",42,0.945378151260504,0.945378151260504,0.951851851851852,0.951851851851851
"257",453,0.945378151260504,0.945378151260504,0.951851851851852,0.951851851851851
"258",574,0.949579831932773,0.949579831932773,0.951851851851852,0.951851851851851
"259",609,0.949579831932773,0.949579831932773,0.951851851851852,0.951851851851851
"260",812,0.949579831932773,0.949579831932773,0.951851851851852,0.951851851851851
"261",109,0.947478991596639,0.947478991596639,0.950925925925926,0.950925925925926
"262",249,0.94608332843627,0.94608332843627,0.950925925925926,0.950925925925926
"263",760,0.945730739848387,0.945730739848387,0.950925925925926,0.950925925925926
"264",368,0.94327731092437,0.94327731092437,0.950925925925926,0.950925925925926
"265",373,0.948184168772404,0.948184168772404,0.950925925925926,0.950925925925926
"266",429,0.94154375036728,0.94154375036728,0.950925925925926,0.950925925925926
"267",681,0.945745431039549,0.945745431039549,0.950925925925926,0.950925925925926
"268",807,0.949579831932773,0.949579831932773,0.950925925925926,0.950925925925926
"269",151,0.947478991596639,0.947478991596639,0.95,0.95
"270",160,0.936974789915966,0.936974789915966,0.95,0.95
"271",245,0.949579831932773,0.949579831932773,0.95,0.95
"272",328,0.936974789915966,0.936974789915966,0.95,0.95
"273",342,0.949579831932773,0.949579831932773,0.95,0.95
"274",361,0.94608332843627,0.94608332843627,0.95,0.95
"275",370,0.941176470588236,0.941176470588236,0.95,0.95
"276",412,0.936974789915966,0.936974789915966,0.95,0.95
"277",538,0.936974789915966,0.936974789915966,0.95,0.95
"278",552,0.949579831932773,0.949579831932773,0.95,0.95
"279",631,0.936328377504848,0.936328377504848,0.95,0.95
"280",636,0.947523065170124,0.947523065170124,0.95,0.95
"281",650,0.948198859963566,0.948198859963566,0.95,0.95
"282",713,0.950285009108539,0.950285009108539,0.95,0.95
"283",762,0.949579831932773,0.949579831932773,0.95,0.95
"284",783,0.941176470588236,0.941176470588236,0.95,0.95
"285",97,0.941176470588236,0.941176470588236,0.95,0.95
"286",330,0.937679967091732,0.937679967091732,0.95,0.95
"287",331,0.941176470588236,0.941176470588236,0.95,0.95
"288",345,0.941176470588236,0.941176470588236,0.95,0.95
"289",614,0.941881647764001,0.941881647764001,0.95,0.95
"290",129,0.945378151260504,0.945378151260504,0.95,0.95
"291",136,0.941176470588236,0.941176470588236,0.95,0.95
"292",138,0.945378151260504,0.945378151260504,0.95,0.95
"293",176,0.936974789915966,0.936974789915966,0.95,0.95
"294",178,0.936974789915966,0.936974789915966,0.95,0.95
"295",339,0.945378151260504,0.945378151260504,0.95,0.95
"296",348,0.945378151260504,0.945378151260504,0.95,0.95
"297",386,0.936974789915966,0.936974789915966,0.95,0.95
"298",388,0.941176470588236,0.941176470588236,0.95,0.95
"299",411,0.949579831932773,0.949579831932773,0.95,0.95
"300",549,0.945378151260504,0.945378151260504,0.95,0.95
"301",558,0.941176470588236,0.941176470588236,0.95,0.95
"302",596,0.936974789915966,0.936974789915966,0.95,0.95
"303",598,0.941176470588236,0.941176470588236,0.95,0.95
"304",724,0.941176470588236,0.941176470588236,0.95,0.95
"305",759,0.945378151260504,0.945378151260504,0.95,0.95
"306",789,0.945378151260504,0.945378151260504,0.95,0.95
"307",808,0.941176470588236,0.941176470588236,0.95,0.95
"308",810,0.941176470588236,0.941176470588236,0.95,0.95
"309",824,0.945378151260504,0.945378151260504,0.95,0.95
"310",92,0.936974789915966,0.936974789915966,0.95,0.95
"311",94,0.936974789915966,0.936974789915966,0.95,0.95
"312",32,0.941881647764001,0.941881647764001,0.949074074074074,0.949074074074074
"313",333,0.943982488100135,0.943982488100135,0.949074074074074,0.949074074074074
"314",375,0.945378151260504,0.945378151260504,0.949074074074074,0.949074074074074
"315",382,0.943629899512252,0.943629899512253,0.949074074074074,0.949074074074074
"316",417,0.943982488100135,0.943982488100135,0.949074074074074,0.949074074074074
"317",543,0.943629899512252,0.943629899512253,0.949074074074074,0.949074074074074
"318",578,0.945378151260504,0.945378151260504,0.949074074074074,0.949074074074074
"319",592,0.943629899512252,0.943629899512253,0.949074074074074,0.949074074074074
"320",802,0.943629899512252,0.943629899512253,0.949074074074074,0.949074074074074
"321",100,0.939075630252101,0.939075630252101,0.949074074074074,0.949074074074074
"322",745,0.945378151260504,0.945378151260504,0.949074074074074,0.949074074074074
"323",401,0.94327731092437,0.94327731092437,0.949074074074074,0.949074074074074
"324",513,0.94327731092437,0.94327731092437,0.949074074074074,0.949074074074074
"325",104,0.941176470588236,0.941176470588236,0.948148148148148,0.948148148148148
"326",118,0.932773109243697,0.932773109243697,0.948148148148148,0.948148148148148
"327",146,0.936974789915966,0.936974789915966,0.948148148148148,0.948148148148148
"328",153,0.936974789915966,0.936974789915966,0.948148148148148,0.948148148148148
"329",181,0.936974789915966,0.936974789915966,0.948148148148148,0.948148148148148
"330",20,0.932773109243697,0.932773109243697,0.948148148148148,0.948148148148148
"331",242,0.939780807427866,0.939780807427866,0.948148148148148,0.948148148148148
"332",307,0.936974789915966,0.936974789915966,0.948148148148148,0.948148148148148
"333",314,0.936974789915966,0.936974789915966,0.948148148148148,0.948148148148148
"334",326,0.939780807427866,0.939780807427866,0.948148148148148,0.948148148148148
"335",347,0.936298995122524,0.936298995122524,0.948148148148148,0.948148148148148
"336",354,0.942586824939766,0.942586824939766,0.948148148148148,0.948148148148148
"337",517,0.936974789915966,0.936974789915966,0.948148148148148,0.948148148148148
"338",536,0.941881647764001,0.941881647764001,0.948148148148148,0.948148148148148
"339",557,0.939795498619028,0.939795498619028,0.948148148148148,0.948148148148148
"340",571,0.945730739848387,0.945730739848387,0.948148148148148,0.948148148148148
"341",585,0.945378151260504,0.945378151260504,0.948148148148148,0.948148148148148
"342",615,0.936974789915966,0.936974789915966,0.948148148148148,0.948148148148148
"343",620,0.941881647764001,0.941881647764001,0.948148148148148,0.948148148148148
"344",622,0.932773109243697,0.932773109243697,0.948148148148148,0.948148148148148
"345",657,0.945378151260504,0.945378151260504,0.948148148148148,0.948148148148148
"346",774,0.945378151260504,0.945378151260504,0.948148148148148,0.948148148148148
"347",781,0.941176470588236,0.941176470588236,0.948148148148148,0.948148148148148
"348",211,0.934212845977552,0.934212845977552,0.948148148148148,0.948148148148148
"349",399,0.934183463595229,0.934183463595229,0.948148148148148,0.948148148148148
"350",12,0.939090321443262,0.939090321443262,0.948148148148148,0.948148148148148
"351",236,0.94608332843627,0.94608332843627,0.948148148148148,0.948148148148148
"352",310,0.941176470588236,0.941176470588236,0.948148148148148,0.948148148148148
"353",394,0.936974789915966,0.936974789915966,0.948148148148148,0.948148148148148
"354",520,0.941176470588236,0.941176470588236,0.948148148148148,0.948148148148148
"355",787,0.945378151260504,0.945378151260504,0.948148148148148,0.948148148148148
"356",829,0.945378151260504,0.945378151260504,0.948148148148148,0.948148148148148
"357",324,0.941176470588236,0.941176470588236,0.948148148148148,0.948148148148148
"358",414,0.933478286419463,0.933478286419463,0.948148148148148,0.948148148148148
"359",621,0.945378151260504,0.945378151260504,0.948148148148148,0.948148148148148
"360",659,0.941881647764001,0.941881647764001,0.948148148148148,0.948148148148148
"361",740,0.949579831932773,0.949579831932773,0.948148148148148,0.948148148148148
"362",91,0.953781512605042,0.953781512605042,0.948148148148148,0.948148148148148
"363",101,0.936974789915966,0.936974789915966,0.948148148148148,0.948148148148148
"364",150,0.936974789915966,0.936974789915966,0.948148148148148,0.948148148148148
"365",157,0.936974789915966,0.936974789915966,0.948148148148148,0.948148148148148
"366",182,0.936974789915966,0.936974789915966,0.948148148148148,0.948148148148148
"367",185,0.936974789915966,0.936974789915966,0.948148148148148,0.948148148148148
"368",194,0.941176470588236,0.941176470588236,0.948148148148148,0.948148148148148
"369",24,0.928571428571428,0.928571428571428,0.948148148148148,0.948148148148148
"370",250,0.941176470588236,0.941176470588236,0.948148148148148,0.948148148148148
"371",30,0.941176470588236,0.941176470588236,0.948148148148148,0.948148148148148
"372",302,0.936974789915966,0.936974789915966,0.948148148148148,0.948148148148148
"373",304,0.936974789915966,0.936974789915966,0.948148148148148,0.948148148148148
"374",353,0.941176470588236,0.941176470588236,0.948148148148148,0.948148148148148
"375",395,0.936974789915966,0.936974789915966,0.948148148148148,0.948148148148148
"376",512,0.936974789915966,0.936974789915966,0.948148148148148,0.948148148148148
"377",514,0.936974789915966,0.936974789915966,0.948148148148148,0.948148148148148
"378",565,0.941176470588236,0.941176470588236,0.948148148148148,0.948148148148148
"379",782,0.941176470588236,0.941176470588236,0.948148148148148,0.948148148148148
"380",96,0.936974789915966,0.936974789915966,0.948148148148148,0.948148148148148
"381",130,0.942234236351883,0.942234236351883,0.947222222222222,0.947222222222222
"382",193,0.942234236351883,0.942234236351883,0.947222222222222,0.947222222222222
"383",599,0.947831580184521,0.947831580184522,0.947222222222222,0.947222222222222
"384",186,0.943997179291297,0.943997179291297,0.947222222222222,0.947222222222222
"385",202,0.932773109243697,0.932773109243697,0.946296296296296,0.946296296296296
"386",230,0.928571428571428,0.928571428571428,0.946296296296296,0.946296296296296
"387",363,0.936974789915966,0.936974789915966,0.946296296296296,0.946296296296296
"388",39,0.942234236351883,0.942234236351883,0.946296296296296,0.946296296296296
"389",447,0.932773109243697,0.932773109243697,0.946296296296296,0.946296296296296
"390",531,0.932773109243697,0.932773109243697,0.946296296296296,0.946296296296296
"391",573,0.941176470588236,0.941176470588236,0.946296296296296,0.946296296296296
"392",706,0.946788505612035,0.946788505612035,0.946296296296296,0.946296296296296
"393",338,0.937679967091732,0.937679967091732,0.946296296296296,0.946296296296296
"394",691,0.945407533642828,0.945407533642828,0.946296296296296,0.946296296296296
"395",795,0.941176470588236,0.941176470588236,0.946296296296296,0.946296296296296
"396",830,0.936974789915966,0.936974789915966,0.946296296296296,0.946296296296296
"397",292,0.945407533642828,0.945407533642828,0.946296296296296,0.946296296296296
"398",19,0.94608332843627,0.94608332843627,0.946296296296296,0.946296296296296
"399",234,0.934183463595229,0.934183463595229,0.946296296296296,0.946296296296296
"400",366,0.936974789915966,0.936974789915966,0.946296296296296,0.946296296296296
"401",535,0.941176470588236,0.941176470588235,0.946296296296296,0.946296296296296
"402",612,0.945378151260504,0.945378151260504,0.946296296296296,0.946296296296296
"403",619,0.941176470588236,0.941176470588235,0.946296296296296,0.946296296296296
"404",93,0.934873949579832,0.934873949579832,0.946296296296296,0.946296296296296
"405",26,0.941176470588236,0.941176470588236,0.946296296296296,0.946296296296296
"406",327,0.945378151260504,0.945378151260504,0.946296296296296,0.946296296296296
"407",334,0.945378151260504,0.945378151260504,0.946296296296296,0.946296296296296
"408",392,0.941176470588236,0.941176470588236,0.946296296296296,0.946296296296296
"409",406,0.945378151260504,0.945378151260504,0.946296296296296,0.946296296296296
"410",418,0.945378151260504,0.945378151260504,0.946296296296296,0.946296296296296
"411",582,0.936974789915966,0.936974789915966,0.946296296296296,0.946296296296296
"412",792,0.945378151260504,0.945378151260504,0.946296296296296,0.946296296296296
"413",124,0.941176470588236,0.941176470588236,0.946296296296296,0.946296296296296
"414",143,0.936974789915966,0.936974789915966,0.946296296296296,0.946296296296296
"415",297,0.928571428571428,0.928571428571428,0.946296296296296,0.946296296296296
"416",397,0.932773109243697,0.932773109243697,0.946296296296296,0.946296296296296
"417",404,0.936974789915966,0.936974789915966,0.946296296296296,0.946296296296296
"418",507,0.928571428571428,0.928571428571428,0.946296296296296,0.946296296296296
"419",523,0.936974789915966,0.936974789915966,0.946296296296296,0.946296296296296
"420",572,0.936974789915966,0.936974789915966,0.946296296296296,0.946296296296296
"421",586,0.941176470588236,0.941176470588236,0.946296296296296,0.946296296296296
"422",605,0.936974789915966,0.936974789915966,0.946296296296296,0.946296296296296
"423",717,0.928571428571428,0.928571428571428,0.946296296296296,0.946296296296296
"424",87,0.928571428571428,0.928571428571428,0.946296296296296,0.946296296296296
"425",794,0.944196428571428,0.944196428571428,0.945977011494253,0.945977011494253
"426",627,0.941881647764001,0.941881647764001,0.94537037037037,0.94537037037037
"427",723,0.934873949579832,0.934873949579832,0.94537037037037,0.94537037037037
"428",758,0.941176470588236,0.941176470588236,0.94537037037037,0.94537037037037
"429",303,0.932773109243697,0.932773109243697,0.94537037037037,0.94537037037037
"430",317,0.934873949579832,0.934873949579832,0.94537037037037,0.94537037037037
"431",451,0.941176470588236,0.941176470588235,0.94537037037037,0.94537037037037
"432",111,0.932773109243697,0.932773109243697,0.944444444444444,0.944444444444444
"433",195,0.932773109243697,0.932773109243697,0.944444444444444,0.944444444444444
"434",200,0.939780807427866,0.939780807427866,0.944444444444445,0.944444444444444
"435",27,0.932773109243697,0.932773109243697,0.944444444444444,0.944444444444444
"436",321,0.932773109243697,0.932773109243697,0.944444444444444,0.944444444444444
"437",356,0.932773109243697,0.932773109243697,0.944444444444444,0.944444444444444
"438",398,0.932773109243697,0.932773109243697,0.944444444444444,0.944444444444444
"439",405,0.932773109243697,0.932773109243697,0.944444444444444,0.944444444444444
"440",410,0.940133396015749,0.940133396015749,0.944444444444445,0.944444444444444
"441",452,0.941881647764001,0.941881647764001,0.944444444444445,0.944444444444444
"442",524,0.932773109243697,0.932773109243697,0.944444444444444,0.944444444444444
"443",608,0.932773109243697,0.932773109243697,0.944444444444444,0.944444444444444
"444",662,0.941176470588236,0.941176470588236,0.944444444444445,0.944444444444444
"445",699,0.939090321443262,0.939090321443262,0.944444444444444,0.944444444444444
"446",5,0.944702356467062,0.944702356467062,0.944444444444444,0.944444444444444
"447",78,0.932097314450256,0.932097314450256,0.944444444444444,0.944444444444444
"448",390,0.934183463595229,0.934183463595229,0.944444444444444,0.944444444444444
"449",600,0.934183463595229,0.934183463595229,0.944444444444444,0.944444444444444
"450",241,0.932773109243697,0.932773109243697,0.944444444444445,0.944444444444444
"451",325,0.936974789915966,0.936974789915966,0.944444444444445,0.944444444444444
"452",385,0.953781512605042,0.953781512605042,0.944444444444444,0.944444444444444
"453",409,0.936974789915966,0.936974789915966,0.944444444444445,0.944444444444444
"454",532,0.93139213727449,0.93139213727449,0.944444444444444,0.944444444444444
"455",661,0.945378151260504,0.945378151260504,0.944444444444445,0.944444444444444
"456",141,0.933478286419463,0.933478286419463,0.944444444444444,0.944444444444444
"457",252,0.941176470588236,0.941176470588236,0.944444444444444,0.944444444444444
"458",28,0.929276605747194,0.929276605747194,0.944444444444444,0.944444444444444
"459",323,0.934888640770994,0.934888640770994,0.944444444444444,0.944444444444444
"460",439,0.936974789915966,0.936974789915966,0.944444444444444,0.944444444444444
"461",460,0.941176470588236,0.941176470588236,0.944444444444444,0.944444444444444
"462",593,0.953781512605042,0.953781512605042,0.944444444444444,0.944444444444444
"463",607,0.932773109243697,0.932773109243697,0.944444444444444,0.944444444444444
"464",747,0.945378151260504,0.945378151260504,0.944444444444444,0.944444444444444
"465",152,0.932773109243697,0.932773109243697,0.944444444444444,0.944444444444444
"466",17,0.928571428571428,0.928571428571428,0.944444444444444,0.944444444444444
"467",313,0.932773109243697,0.932773109243697,0.944444444444444,0.944444444444444
"468",320,0.932773109243697,0.932773109243697,0.944444444444444,0.944444444444444
"469",355,0.932773109243697,0.932773109243697,0.944444444444444,0.944444444444444
"470",40,0.936974789915966,0.936974789915966,0.944444444444444,0.944444444444444
"471",437,0.928571428571428,0.928571428571428,0.944444444444444,0.944444444444444
"472",530,0.936974789915966,0.936974789915966,0.944444444444444,0.944444444444444
"473",752,0.944196428571428,0.944196428571428,0.944047619047619,0.944047619047619
"474",116,0.93593171534348,0.93593171534348,0.943518518518519,0.943518518518519
"475",655,0.939075630252101,0.939075630252101,0.943518518518519,0.943518518518518
"476",788,0.932773109243697,0.932773109243697,0.943518518518519,0.943518518518518
"477",177,0.932773109243697,0.932773109243697,0.943518518518519,0.943518518518518
"478",836,0.945238095238095,0.945238095238095,0.94320987654321,0.94320987654321
"479",566,0.929276605747194,0.929276605747194,0.942592592592593,0.942592592592593
"480",823,0.935579126755598,0.935579126755598,0.942592592592593,0.942592592592593
"481",837,0.937679967091732,0.937679967091732,0.942592592592593,0.942592592592593
"482",113,0.939795498619028,0.939795498619028,0.942592592592593,0.942592592592592
"483",191,0.928571428571428,0.928571428571428,0.942592592592593,0.942592592592592
"484",31,0.932773109243697,0.932773109243697,0.942592592592593,0.942592592592592
"485",528,0.936974789915966,0.936974789915966,0.942592592592593,0.942592592592592
"486",110,0.945378151260504,0.945378151260504,0.942592592592593,0.942592592592592
"487",166,0.936974789915966,0.936974789915966,0.942592592592593,0.942592592592592
"488",196,0.937679967091732,0.937679967091732,0.942592592592593,0.942592592592592
"489",208,0.936974789915966,0.936974789915966,0.942592592592593,0.942592592592592
"490",33,0.932773109243697,0.932773109243697,0.942592592592593,0.942592592592592
"491",372,0.925780102250691,0.925780102250691,0.942592592592593,0.942592592592592
"492",435,0.936974789915966,0.936974789915966,0.942592592592593,0.942592592592592
"493",630,0.945378151260504,0.945378151260504,0.942592592592593,0.942592592592592
"494",159,0.932773109243697,0.932773109243697,0.942592592592593,0.942592592592592
"495",352,0.928571428571428,0.928571428571428,0.942592592592593,0.942592592592592
"496",369,0.932773109243697,0.932773109243697,0.942592592592593,0.942592592592592
"497",579,0.932773109243697,0.932773109243697,0.942592592592593,0.942592592592592
"498",123,0.936636892519245,0.936636892519245,0.941666666666667,0.941666666666667
"499",207,0.938385144267497,0.938385144267497,0.941666666666667,0.941666666666667
"500",445,0.941881647764001,0.941881647764001,0.941666666666667,0.941666666666667
"501",732,0.935226538167715,0.935226538167715,0.941666666666667,0.941666666666667
"502",739,0.934873949579832,0.934873949579832,0.941666666666667,0.941666666666667
"503",746,0.931377446083329,0.931377446083329,0.941666666666667,0.941666666666667
"504",79,0.945407533642828,0.945407533642828,0.941666666666667,0.941666666666667
"505",128,0.933478286419463,0.933478286419463,0.941666666666667,0.941666666666667
"506",548,0.935579126755598,0.935579126755598,0.941666666666667,0.941666666666666
"507",577,0.936974789915966,0.936974789915966,0.941666666666667,0.941666666666666
"508",403,0.938032555679614,0.938032555679614,0.940740740740741,0.940740740740741
"509",816,0.933830875007346,0.933830875007346,0.940740740740741,0.940740740740741
"510",293,0.934212845977552,0.934212845977552,0.940740740740741,0.940740740740741
"511",440,0.928571428571428,0.928571428571428,0.940740740740741,0.940740740740741
"512",503,0.937709349474056,0.937709349474056,0.940740740740741,0.940740740740741
"513",632,0.930040547687606,0.930040547687606,0.940740740740741,0.940740740740741
"514",648,0.931744725862373,0.931744725862373,0.940740740740741,0.940740740740741
"515",387,0.932773109243697,0.932773109243697,0.940740740740741,0.94074074074074
"516",115,0.932773109243697,0.932773109243697,0.940740740740741,0.94074074074074
"517",199,0.932773109243697,0.932773109243697,0.940740740740741,0.94074074074074
"518",624,0.92998178292296,0.92998178292296,0.940740740740741,0.94074074074074
"519",665,0.949579831932773,0.949579831932773,0.940740740740741,0.94074074074074
"520",162,0.92998178292296,0.92998178292296,0.940740740740741,0.94074074074074
"521",227,0.925074925074925,0.925074925074925,0.940740740740741,0.94074074074074
"522",246,0.925780102250691,0.925780102250691,0.940740740740741,0.94074074074074
"523",537,0.936974789915966,0.936974789915966,0.940740740740741,0.94074074074074
"524",362,0.928571428571428,0.928571428571428,0.940740740740741,0.94074074074074
"525",165,0.938385144267497,0.938385144267497,0.939814814814815,0.939814814814815
"526",340,0.935241229358877,0.935241229358877,0.939814814814815,0.939814814814815
"527",550,0.935241229358877,0.935241229358877,0.939814814814815,0.939814814814815
"528",597,0.928571428571428,0.928571428571428,0.939814814814815,0.939814814814814
"529",158,0.931744725862373,0.931744725862373,0.938888888888889,0.938888888888889
"530",197,0.9474936827878,0.9474936827878,0.938888888888889,0.938888888888889
"531",83,0.929305988129518,0.929305988129518,0.938888888888889,0.938888888888889
"532",238,0.938385144267497,0.938385144267497,0.938888888888889,0.938888888888889
"533",646,0.928600810953752,0.928600810953752,0.938888888888889,0.938888888888889
"534",771,0.935593817946759,0.935593817946759,0.938888888888889,0.938888888888889
"535",616,0.953781512605042,0.953781512605042,0.938888888888889,0.938888888888888
"536",672,0.953781512605042,0.953781512605042,0.938888888888889,0.938888888888888
"537",773,0.936974789915966,0.936974789915966,0.938888888888889,0.938888888888888
"538",780,0.932773109243697,0.932773109243697,0.938888888888889,0.938888888888888
"539",183,0.928571428571428,0.928571428571428,0.938888888888889,0.938888888888888
"540",351,0.918081918081918,0.918081918081918,0.938888888888889,0.938888888888888
"541",376,0.928571428571428,0.928571428571428,0.938888888888889,0.938888888888888
"542",383,0.932773109243697,0.932773109243697,0.938888888888889,0.938888888888888
"543",456,0.925780102250691,0.925780102250691,0.938888888888889,0.938888888888888
"544",803,0.932773109243697,0.932773109243697,0.938888888888889,0.938888888888888
"545",626,0.9375,0.9375,0.9375,0.9375
"546",312,0.939780807427866,0.939780807427866,0.937037037037037,0.937037037037037
"547",288,0.932097314450256,0.932097314450256,0.937037037037037,0.937037037037037
"548",689,0.935593817946759,0.935593817946759,0.937037037037037,0.937037037037037
"549",455,0.953781512605042,0.953781512605042,0.937037037037037,0.937037037037037
"550",735,0.957983193277311,0.957983193277311,0.937037037037037,0.937037037037037
"551",785,0.934183463595229,0.934183463595228,0.937037037037037,0.937037037037037
"552",819,0.957983193277311,0.957983193277311,0.937037037037037,0.937037037037037
"553",201,0.941176470588236,0.941176470588236,0.937037037037037,0.937037037037037
"554",229,0.932773109243697,0.932773109243697,0.937037037037037,0.937037037037037
"555",243,0.933478286419463,0.933478286419463,0.937037037037037,0.937037037037037
"556",318,0.928571428571428,0.928571428571428,0.937037037037037,0.937037037037037
"557",343,0.945378151260504,0.945378151260504,0.937037037037037,0.937037037037037
"558",371,0.941176470588236,0.941176470588236,0.937037037037037,0.937037037037037
"559",402,0.928571428571428,0.928571428571428,0.937037037037037,0.937037037037037
"560",432,0.92998178292296,0.92998178292296,0.937037037037037,0.937037037037037
"561",173,0.932773109243697,0.932773109243697,0.937037037037037,0.937037037037036
"562",561,0.925074925074925,0.925074925074925,0.937037037037037,0.937037037037036
"563",563,0.932773109243697,0.932773109243697,0.936111111111111,0.936111111111111
"564",570,0.932773109243697,0.932773109243697,0.936111111111111,0.936111111111111
"565",708,0.933507668801786,0.933507668801786,0.935185185185185,0.935185185185185
"566",154,0.941176470588236,0.941176470588236,0.935185185185185,0.935185185185185
"567",707,0.959393547628842,0.959393547628842,0.935185185185185,0.935185185185185
"568",140,0.953781512605042,0.953781512605042,0.935185185185185,0.935185185185185
"569",546,0.949579831932773,0.949579831932773,0.935185185185185,0.935185185185185
"570",647,0.928600810953752,0.928600810953752,0.935185185185185,0.935185185185185
"571",749,0.953781512605042,0.953781512605042,0.935185185185185,0.935185185185185
"572",108,0.928571428571428,0.928571428571428,0.935185185185185,0.935185185185185
"573",192,0.928571428571428,0.928571428571428,0.935185185185185,0.935185185185185
"574",220,0.921578421578422,0.921578421578422,0.935185185185185,0.935185185185185
"575",225,0.928571428571428,0.928571428571428,0.935185185185185,0.935185185185185
"576",420,0.941176470588236,0.941176470588236,0.935185185185185,0.935185185185185
"577",504,0.923693953105718,0.923693953105718,0.935185185185185,0.935185185185185
"578",431,0.932787800434859,0.932787800434859,0.934259259259259,0.934259259259259
"579",711,0.940162778398072,0.940162778398072,0.934259259259259,0.934259259259259
"580",360,0.928571428571428,0.928571428571428,0.934259259259259,0.934259259259259
"581",102,0.931377446083329,0.931377446083329,0.933333333333333,0.933333333333333
"582",643,0.921607803960745,0.921607803960745,0.933333333333333,0.933333333333333
"583",315,0.927895633777986,0.927895633777986,0.933333333333333,0.933333333333333
"584",498,0.928600810953752,0.928600810953752,0.933333333333333,0.933333333333333
"585",658,0.966386554621849,0.966386554621849,0.933333333333333,0.933333333333333
"586",329,0.949579831932773,0.949579831932773,0.933333333333333,0.933333333333333
"587",364,0.945378151260504,0.945378151260504,0.933333333333333,0.933333333333333
"588",539,0.949579831932773,0.949579831932773,0.933333333333333,0.933333333333333
"589",581,0.949579831932773,0.949579831932773,0.933333333333333,0.933333333333333
"590",777,0.949579831932773,0.949579831932773,0.933333333333333,0.933333333333333
"591",117,0.936974789915966,0.936974789915966,0.933333333333333,0.933333333333333
"592",239,0.911764705882353,0.911764705882353,0.933333333333333,0.933333333333333
"593",341,0.929276605747194,0.929276605747194,0.933333333333333,0.933333333333333
"594",428,0.918081918081918,0.918081918081918,0.933333333333333,0.933333333333333
"595",430,0.921578421578422,0.921578421578422,0.933333333333333,0.933333333333333
"596",462,0.941176470588236,0.941176470588236,0.933333333333333,0.933333333333333
"597",761,0.932773109243697,0.932773109243697,0.933333333333333,0.933333333333333
"598",668,0.933333333333334,0.933333333333334,0.932727272727273,0.932727272727273
"599",613,0.925794793441852,0.925794793441852,0.932407407407407,0.932407407407407
"600",119,0.945378151260504,0.945378151260504,0.931481481481481,0.931481481481481
"601",147,0.945378151260504,0.945378151260504,0.931481481481481,0.931481481481481
"602",161,0.945378151260504,0.945378151260504,0.931481481481481,0.931481481481481
"603",294,0.913204442616207,0.913204442616207,0.931481481481481,0.931481481481481
"604",35,0.945378151260504,0.945378151260504,0.931481481481481,0.931481481481481
"605",623,0.945378151260504,0.945378151260504,0.931481481481481,0.931481481481481
"606",833,0.953781512605042,0.953781512605042,0.931481481481481,0.931481481481481
"607",10,0.918081918081918,0.918081918081918,0.931481481481481,0.931481481481481
"608",131,0.932773109243697,0.932773109243697,0.931481481481481,0.931481481481481
"609",222,0.914585414585414,0.914585414585414,0.931481481481481,0.931481481481481
"610",112,0.941176470588236,0.941176470588236,0.92962962962963,0.929629629629629
"611",133,0.949579831932773,0.949579831932773,0.92962962962963,0.929629629629629
"612",203,0.941176470588236,0.941176470588236,0.92962962962963,0.929629629629629
"613",210,0.941176470588236,0.941176470588236,0.92962962962963,0.929629629629629
"614",413,0.941176470588236,0.941176470588236,0.92962962962963,0.929629629629629
"615",588,0.941176470588236,0.941176470588236,0.92962962962963,0.929629629629629
"616",640,0.908297584768173,0.908297584768173,0.92962962962963,0.929629629629629
"617",784,0.949579831932773,0.949579831932773,0.92962962962963,0.929629629629629
"618",798,0.949579831932773,0.949579831932773,0.92962962962963,0.929629629629629
"619",551,0.929276605747194,0.929276605747194,0.92962962962963,0.929629629629629
"620",753,0.926823176823176,0.926823176823176,0.928703703703704,0.928703703703704
"621",542,0.9375,0.9375,0.928571428571429,0.928571428571429
"622",223,0.907592407592408,0.907592407592408,0.927777777777778,0.927777777777778
"623",669,0.916700946112711,0.916700946112711,0.927777777777778,0.927777777777778
"624",499,0.934212845977552,0.934212845977552,0.927777777777778,0.927777777777778
"625",701,0.923018158312276,0.923018158312276,0.927777777777778,0.927777777777778
"626",700,0.960803901980372,0.960803901980372,0.927777777777778,0.927777777777778
"627",840,0.957983193277311,0.957983193277311,0.927777777777778,0.927777777777777
"628",219,0.911088911088911,0.911088911088911,0.927777777777778,0.927777777777777
"629",322,0.936974789915966,0.936974789915966,0.927777777777778,0.927777777777777
"630",407,0.913880237409649,0.913880237409649,0.927777777777778,0.927777777777777
"631",75,0.919492272433449,0.919492272433449,0.927777777777778,0.927777777777777
"632",540,0.921578421578422,0.921578421578422,0.927777777777778,0.927777777777777
"633",496,0.92651466180878,0.92651466180878,0.925925925925926,0.925925925925926
"634",642,0.913909619791972,0.913909619791972,0.925925925925926,0.925925925925926
"635",649,0.928600810953752,0.928600810953752,0.925925925925926,0.925925925925926
"636",434,0.921578421578422,0.921578421578422,0.925925925925926,0.925925925925925
"637",13,0.907592407592408,0.907592407592408,0.924074074074074,0.924074074074074
"638",449,0.92016806722689,0.920168067226891,0.924074074074074,0.924074074074073
"639",286,0.919521654815773,0.919521654815773,0.922222222222222,0.922222222222222
"640",692,0.912499265440442,0.912499265440442,0.922222222222222,0.922222222222222
"641",680,0.927219838984545,0.927219838984545,0.922222222222222,0.922222222222222
"642",215,0.913909619791972,0.913909619791972,0.922222222222222,0.922222222222222
"643",29,0.932773109243697,0.932773109243697,0.922222222222222,0.922222222222222
"644",365,0.912499265440442,0.912499265440442,0.922222222222222,0.922222222222222
"645",639,0.911794088264676,0.911794088264676,0.922222222222222,0.922222222222222
"646",697,0.939090321443262,0.939090321443262,0.92037037037037,0.92037037037037
"647",425,0.90488922841864,0.90488922841864,0.92037037037037,0.92037037037037
"648",634,0.919521654815773,0.919521654815773,0.919444444444444,0.919444444444444
"649",76,0.911118293471235,0.911118293471235,0.918518518518519,0.918518518518519
"650",275,0.927219838984545,0.927219838984545,0.918518518518519,0.918518518518518
"651",686,0.914614796967738,0.914614796967738,0.918518518518519,0.918518518518518
"652",617,0.902009754950931,0.902009754950931,0.918518518518519,0.918518518518518
"653",14,0.918081918081918,0.918081918081918,0.918518518518519,0.918518518518518
"654",704,0.924795792442851,0.924795792442851,0.917592592592593,0.917592592592593
"655",289,0.931421519656814,0.931421519656814,0.916666666666667,0.916666666666667
"656",273,0.914614796967738,0.914614796967738,0.916666666666667,0.916666666666666
"657",218,0.913880237409649,0.913880237409649,0.916666666666667,0.916666666666666
"658",424,0.906622788975731,0.906622788975731,0.915740740740741,0.915740740740741
"659",65,0.921607803960745,0.921607803960745,0.915740740740741,0.915740740740741
"660",685,0.905535640829759,0.905535640829759,0.914814814814815,0.914814814814815
"661",433,0.893606393606393,0.893606393606393,0.914814814814815,0.914814814814815
"662",641,0.910060527707586,0.910060527707586,0.914814814814815,0.914814814814815
"663",73,0.910413116295469,0.910413116295469,0.914814814814815,0.914814814814815
"664",595,0.953781512605042,0.953781512605042,0.914814814814815,0.914814814814814
"665",826,0.953781512605042,0.953781512605042,0.914814814814815,0.914814814814814
"666",68,0.908297584768173,0.908297584768173,0.914814814814815,0.914814814814814
"667",485,0.934227537168713,0.934227537168713,0.913888888888889,0.913888888888889
"668",278,0.909002761943938,0.909002761943938,0.912962962962963,0.912962962962963
"669",99,0.899159663865546,0.899159663865546,0.911111111111111,0.911111111111111
"670",212,0.892225421637187,0.892225421637187,0.911111111111111,0.911111111111111
"671",63,0.922312981136511,0.922312981136511,0.911111111111111,0.911111111111111
"672",742,0.953781512605042,0.953781512605042,0.911111111111111,0.911111111111111
"673",553,0.945378151260504,0.945378151260504,0.911111111111111,0.911111111111111
"674",763,0.945378151260504,0.945378151260504,0.911111111111111,0.911111111111111
"675",221,0.9090174531351,0.9090174531351,0.910185185185185,0.910185185185185
"676",4,0.891490862079098,0.891490862079098,0.910185185185185,0.910185185185185
"677",72,0.919521654815773,0.919521654815773,0.909259259259259,0.909259259259259
"678",427,0.960833284362696,0.960833284362696,0.909259259259259,0.909259259259259
"679",8,0.9005994005994,0.9005994005994,0.909259259259259,0.909259259259259
"680",533,0.894311570782159,0.894311570782159,0.909259259259259,0.909259259259259
"681",61,0.901304577775166,0.901304577775166,0.909259259259259,0.909259259259259
"682",11,0.907269201386849,0.907269201386849,0.908333333333333,0.908333333333333
"683",137,0.911132984662397,0.911132984662397,0.908333333333333,0.908333333333333
"684",690,0.922680260915555,0.922680260915555,0.907407407407407,0.907407407407407
"685",682,0.900628782981724,0.900628782981724,0.907407407407407,0.907407407407407
"686",684,0.903420109302462,0.903420109302462,0.907407407407407,0.907407407407407
"687",285,0.897808074278662,0.897808074278662,0.907407407407407,0.907407407407407
"688",495,0.9005994005994,0.9005994005994,0.907407407407407,0.907407407407407
"689",279,0.907621789974731,0.907621789974731,0.905555555555556,0.905555555555556
"690",493,0.899923605805959,0.899923605805959,0.905555555555556,0.905555555555555
"691",489,0.907621789974731,0.907621789974731,0.903703703703704,0.903703703703704
"692",58,0.927219838984545,0.927219838984545,0.903703703703704,0.903703703703704
"693",283,0.896427102309455,0.896427102309455,0.903703703703704,0.903703703703704
"694",272,0.909032144326262,0.909032144326262,0.901851851851852,0.901851851851852
"695",482,0.909032144326262,0.909032144326262,0.901851851851852,0.901851851851852
"696",575,0.869836046306634,0.869836046306634,0.901851851851852,0.901851851851851
"697",638,0.886584004231063,0.886584004231063,0.901851851851852,0.901851851851851
"698",62,0.905535640829759,0.905535640829759,0.9,0.9
"699",282,0.912528647822765,0.912528647822765,0.9,0.9
"700",651,0.932802491626021,0.932802491626021,0.9,0.9
"701",488,0.893606393606393,0.893606393606393,0.9,0.899999999999999
"702",66,0.896427102309455,0.896427102309455,0.898148148148148,0.898148148148148
"703",478,0.907621789974731,0.907621789974731,0.898148148148148,0.898148148148148
"704",603,0.88308750073456,0.88308750073456,0.898148148148148,0.898148148148148
"705",81,0.899571017218076,0.899571017218076,0.897222222222222,0.897222222222222
"706",276,0.892930598812951,0.892930598812951,0.896296296296296,0.896296296296296
"707",69,0.897132279485221,0.897132279485221,0.896296296296296,0.896296296296296
"708",268,0.903420109302462,0.903420109302462,0.894444444444444,0.894444444444445
"709",486,0.892930598812951,0.892930598812951,0.894444444444444,0.894444444444444
"710",51,0.905535640829759,0.905535640829759,0.894444444444444,0.894444444444444
"711",55,0.906240818005524,0.906240818005524,0.894444444444444,0.894444444444444
"712",645,0.929305988129518,0.929305988129518,0.894444444444444,0.894444444444444
"713",637,0.957307398483869,0.957307398483869,0.894444444444444,0.894444444444444
"714",393,0.876094493741552,0.876094493741552,0.892592592592593,0.892592592592592
"715",448,0.937679967091732,0.937679967091732,0.892592592592593,0.892592592592592
"716",309,0.878915202444614,0.878915202444614,0.890740740740741,0.890740740740741
"717",172,0.884189340071693,0.884189340071693,0.890740740740741,0.890740740740741
"718",265,0.902744314509021,0.902744314509021,0.890740740740741,0.890740740740741
"719",475,0.902744314509021,0.902744314509021,0.890740740740741,0.890740740740741
"720",492,0.902377034729976,0.902377034729976,0.890740740740741,0.890740740740741
"721",271,0.887318563789152,0.887318563789152,0.890740740740741,0.89074074074074
"722",481,0.880325556796145,0.880325556796145,0.890740740740741,0.89074074074074
"723",497,0.890815067285656,0.890815067285656,0.890740740740741,0.89074074074074
"724",59,0.892930598812951,0.892930598812951,0.888888888888889,0.888888888888889
"725",635,0.890168654874537,0.890168654874537,0.888888888888889,0.888888888888889
"726",60,0.895384027736969,0.895384027736969,0.887962962962963,0.887962962962963
"727",54,0.892225421637187,0.892225421637187,0.885185185185185,0.885185185185185
"728",77,0.869836046306634,0.869836046306634,0.885185185185185,0.885185185185185
"729",280,0.885232414644179,0.885232414644179,0.885185185185185,0.885185185185185
"730",441,0.932773109243697,0.932773109243697,0.885185185185185,0.885185185185185
"731",269,0.881735911147676,0.881735911147676,0.883333333333333,0.883333333333334
"732",479,0.881735911147676,0.881735911147676,0.883333333333333,0.883333333333334
"733",52,0.893635775988717,0.893635775988717,0.883333333333333,0.883333333333334
"734",687,0.876094493741552,0.876094493741552,0.881481481481482,0.881481481481482
"735",471,0.894340953164483,0.894340953164483,0.87962962962963,0.87962962962963
"736",262,0.88664276899571,0.88664276899571,0.877777777777778,0.877777777777778
"737",472,0.88664276899571,0.88664276899571,0.877777777777778,0.877777777777778
"738",473,0.886980666392432,0.886980666392432,0.877777777777778,0.877777777777778
"739",57,0.865634365634365,0.865634365634365,0.877777777777778,0.877777777777777
"740",214,0.877152259505201,0.877152259505201,0.876851851851852,0.876851851851852
"741",261,0.890844449667979,0.890844449667979,0.875925925925926,0.875925925925926
"742",474,0.881735911147676,0.881735911147676,0.875925925925926,0.875925925925926
"743",813,0.869101486748545,0.869101486748545,0.875925925925926,0.875925925925926
"744",231,0.933478286419463,0.933478286419463,0.875925925925926,0.875925925925925
"745",74,0.881750602338838,0.881750602338838,0.875,0.875
"746",264,0.881735911147676,0.881735911147676,0.874074074074074,0.874074074074074
"747",224,0.914585414585414,0.914585414585414,0.872222222222222,0.872222222222222
"748",67,0.877901510254452,0.877901510254452,0.869444444444444,0.869444444444444
"749",263,0.886980666392432,0.886980666392432,0.866666666666667,0.866666666666667
"750",45,0.890168654874537,0.890168654874537,0.862962962962963,0.862962962962963
"751",266,0.878239407651172,0.878239407651172,0.861111111111111,0.861111111111111
"752",483,0.869160251513192,0.869160251513192,0.861111111111111,0.861111111111111
"753",287,0.859346535817124,0.859346535817124,0.861111111111111,0.861111111111111
"754",277,0.874052418170065,0.874052418170065,0.860185185185185,0.860185185185185
"755",255,0.874096491743551,0.874096491743551,0.859259259259259,0.859259259259259
"756",465,0.874096491743551,0.874096491743551,0.859259259259259,0.859259259259259
"757",48,0.904184051242874,0.904184051242874,0.859259259259259,0.859259259259259
"758",7,0.961509079156138,0.961509079156138,0.859259259259259,0.859259259259259
"759",270,0.870908503261445,0.870908503261445,0.857407407407407,0.857407407407407
"760",477,0.843950167479579,0.843950167479579,0.857407407407407,0.857407407407407
"761",584,0.854166666666667,0.854166666666667,0.857142857142857,0.857142857142857
"762",53,0.872642063818534,0.872642063818534,0.855555555555556,0.855555555555556
"763",267,0.836957160486572,0.836957160486572,0.855555555555556,0.855555555555555
"764",260,0.878239407651172,0.878239407651172,0.853703703703704,0.853703703703704
"765",470,0.878239407651172,0.878239407651172,0.853703703703704,0.853703703703704
"766",291,0.874081800552388,0.874081800552388,0.851851851851852,0.851851851851852
"767",281,0.867749897161662,0.867749897161662,0.851851851851852,0.851851851851852
"768",47,0.880384321560792,0.880384321560792,0.85,0.85
"769",50,0.874742904154669,0.874742904154669,0.85,0.85
"770",729,0.83760357289769,0.83760357289769,0.846296296296296,0.846296296296296
"771",258,0.885996356584592,0.885996356584592,0.846296296296296,0.846296296296296
"772",468,0.885996356584592,0.885996356584592,0.846296296296296,0.846296296296296
"773",56,0.875448081330434,0.875448081330434,0.846296296296296,0.846296296296296
"774",480,0.869498148909914,0.869498148909914,0.84537037037037,0.84537037037037
"775",683,0.564949756126227,0.813201504377975,0.840740740740741,0.840740740740741
"776",519,0.834812246576953,0.834812246576953,0.838888888888889,0.838888888888889
"777",469,0.881794675912323,0.881794675912323,0.838888888888889,0.838888888888889
"778",644,0.920197449609214,0.920197449609214,0.837037037037037,0.837037037037037
"779",284,0.855174237527178,0.855174237527178,0.836111111111111,0.836111111111111
"780",49,0.89927719339484,0.89927719339484,0.835185185185185,0.835185185185185
"781",46,0.852426984779926,0.852426984779926,0.832407407407407,0.832407407407407
"782",494,0.847828641946289,0.847828641946289,0.832407407407407,0.832407407407407
"783",501,0.848871716518775,0.848871716518775,0.831481481481481,0.831481481481481
"784",70,0.841864018334606,0.841864018334606,0.82962962962963,0.829629629629629
"785",491,0.850267379679144,0.850267379679144,0.824074074074074,0.824074074074074
"786",257,0.848886407709937,0.848886407709937,0.822222222222222,0.822222222222222
"787",44,0.905565023212082,0.905565023212082,0.822222222222222,0.822222222222222
"788",259,0.871305165422813,0.871305165422813,0.822222222222222,0.822222222222222
"789",71,0.844008932244226,0.844008932244226,0.82037037037037,0.82037037037037
"790",476,0.864253393665159,0.864253393665159,0.818518518518519,0.818518518518519
"791",358,0.807516013398367,0.807516013398366,0.816666666666667,0.816666666666666
"792",467,0.857289769054475,0.857289769054475,0.814814814814815,0.814814814814815
"793",464,0.880751601339837,0.880751601339837,0.811111111111111,0.811111111111111
"794",254,0.874801668919316,0.874801668919316,0.811111111111111,0.811111111111111
"795",487,0.835590879708527,0.835590879708527,0.810185185185185,0.810185185185185
"796",253,0.864312158429805,0.864312158429805,0.809259259259259,0.809259259259259
"797",463,0.864312158429805,0.864312158429805,0.809259259259259,0.809259259259259
"798",43,0.870599988247047,0.870599988247047,0.803703703703704,0.803703703703704
"799",490,0.839072692013868,0.839072692013868,0.803703703703704,0.803703703703704
"800",675,0.784538990421343,0.784538990421343,0.792592592592593,0.792592592592593
"801",710,0.78125,0.78125,0.791208791208791,0.791208791208791
"802",674,0.783158018452136,0.783158018452136,0.788888888888889,0.788888888888889
"803",673,0.757947934418522,0.757947934418522,0.787037037037037,0.787037037037037
"804",678,0.772639125580302,0.772639125580302,0.777777777777778,0.777777777777778
"805",679,0.76635129576306,0.76635129576306,0.775925925925926,0.775925925925926
"806",677,0.617382617382617,0.73976023976024,0.744444444444444,0.744444444444445
"807",148,0.725994593641653,0.725994593641653,0.728703703703704,0.728703703703704
"808",64,0.511326908385732,0.686152083210907,0.727777777777778,0.727777777777778
"809",466,0.758241758241758,0.758241758241758,0.725925925925926,0.725925925925926
"810",652,0.740406652171358,0.740406652171358,0.715740740740741,0.715740740740741
"811",256,0.744255744255744,0.744255744255744,0.703703703703704,0.703703703703704
"812",676,0.581638949286009,0.662058529705589,0.692592592592593,0.692592592592593
"813",400,0.689604513133925,0.689604513133925,0.687037037037037,0.687037037037037
"814",22,0.703605218311101,0.703605218311101,0.685185185185185,0.685185185185185
"815",21,0.932773109243697,0.932773109243697,0.685185185185185,0.685185185185185
"816",736,0.6941881647764,0.6941881647764,0.685185185185185,0.685185185185185
"817",694,0.692689663277898,0.692689663277898,0.677777777777778,0.677777777777778
"818",442,0.571266968325792,0.659502262443439,0.665740740740741,0.665740740740741
"819",190,0.675295292942351,0.675295292942351,0.663888888888889,0.663888888888889
"820",568,0.635673150379033,0.635673150379033,0.656481481481481,0.656481481481481
"821",610,0.660662866545219,0.660662866545219,0.630555555555556,0.630555555555556
"822",820,0.630501851090086,0.630501851090086,0.62962962962963,0.62962962962963
"823",217,0.937709349474056,0.937709349474056,0.375925925925926,0.624074074074074
"824",778,0.59412646177352,0.594126461773521,0.591666666666667,0.591666666666667
"825",274,0.609566903684551,0.609566903684551,0.589814814814815,0.589814814814815
"826",316,0.577687018863489,0.577687018863489,0.569444444444445,0.569444444444444
"827",106,0.600502438737732,0.61798495622025,0.568518518518519,0.568518518518519
"828",484,0.573867309161427,0.573867309161427,0.559259259259259,0.559259259259259
"829",232,0.602235999294823,0.595242992301816,0.528703703703704,0.528703703703704
"830",526,0.556326026914262,0.443673973085738,0.534259259259259,0.465740740740741
